7,2022-10-12,92928,2,,19182,3813,,2022-10-27,3211
2,2022-10-07,81078,2,,77983,74629,,2022-10-27,3974
3,2022-10-19,4238,2,,67715,64147,,2022-10-27,3877
5,2022-10-07,41954,1,,27277,0,,2022-10-27,3247
6,2022-10-17,30335,1,,15478,0,,2022-10-27,3488
8,2022-10-06,41050,1,,48128,0,,2022-10-27,3445
10,2022-10-10,7611,2,,49015,45000,,2022-10-27,3219
11,2022-10-23,86700,2,,40076,38384,,2022-10-27,3781
12,2022-10-08,96,2,,43821,39965,,2022-10-27,3119
13,2022-09-29,62561,2,,25695,22998,,2022-10-27,3225
14,2022-10-16,15520,1,,39072,0,,2022-10-27,3145
15,2022-10-19,84512,2,,20619,19534,,2022-10-27,3510
16,2022-10-13,6152,2,,30613,29386,,2022-10-27,3854
17,2022-10-20,65486,1,,25770,0,,2022-10-27,3383
18,2022-10-12,16955,2,,16369,14985,,2022-10-27,3279
19,2022-10-24,79233,1,,23751,0,,2022-10-27,3790
20,2022-10-25,25814,2,,24082,22228,,2022-10-27,3707
22,2022-10-12,50338,2,,34914,33399,,2022-10-27,3200
23,2022-10-01,48027,2,,17246,16758,,2022-10-27,3012
24,2022-10-09,16990,1,,11158,0,,2022-10-27,3717
25,2022-10-20,74935,1,,12652,0,,2022-10-27,3619
26,2022-10-15,25172,2,,38569,36911,,2022-10-27,3853
27,2022-10-02,1872,2,,21715,19981,,2022-10-27,3974
28,2022-10-01,90925,2,,46972,43001,,2022-10-27,3474
29,2022-10-20,84277,1,,4212,0,,2022-10-27,3452
30,2022-10-23,24522,2,,18528,17835,,2022-10-27,3856
31,2022-10-22,1640,2,,37951,37311,,2022-10-27,3860
32,2022-10-16,3080,2,,30884,28660,,2022-10-27,3016
33,2022-10-04,22625,1,,18538,0,,2022-10-27,3260
34,2022-10-10,5206,1,,39064,0,,2022-10-27,3057
35,2022-10-24,99005,2,,33853,33017,,2022-10-27,3981
36,2022-09-28,8638,2,,21478,19858,,2022-10-27,3009
37,2022-10-18,21932,2,,7038,5814,,2022-10-27,3516
39,2022-10-05,20733,2,,13696,13282,,2022-10-27,3665
40,2022-10-25,96598,1,,30393,0,,2022-10-27,3170
41,2022-10-15,5337,2,,45015,40430,,2022-10-27,3349
42,2022-10-09,39111,2,,24927,22546,,2022-10-27,3834
43,2022-10-16,84517,2,,15609,13656,,2022-10-27,3841
44,2022-10-05,29034,2,,15505,13877,,2022-10-27,3441
45,2022-10-18,99203,2,,9018,8398,,2022-10-27,3106
46,2022-10-23,45381,2,,15189,14360,,2022-10-27,3717
47,2022-10-16,13525,1,,18848,0,,2022-10-27,3705
48,2022-10-13,59070,1,,13684,0,,2022-10-27,3620
49,2022-10-11,6103,2,,26415,25459,,2022-10-27,3023
50,2022-10-15,19454,2,,23589,22527,,2022-10-27,3073
51,2022-10-14,5216,1,,8874,0,,2022-10-27,3749
52,2022-10-18,82440,2,,21590,19620,,2022-10-27,3953
53,2022-10-08,48276,1,,39161,0,,2022-10-27,3049
54,2022-09-29,67061,2,,9694,9170,,2022-10-27,3476
56,2022-10-12,93282,2,,25004,25004,,2022-10-27,3517
57,2022-10-07,80977,2,,36073,33510,,2022-10-27,3304
58,2022-10-04,51066,2,,32164,31043,,2022-10-27,3387
59,2022-10-24,64313,2,,52829,49862,,2022-10-27,3511
60,2022-10-20,64845,1,,41702,0,,2022-10-27,3215
61,2022-10-17,24510,2,,42922,38204,,2022-10-27,3924
62,2022-10-19,25665,1,,54474,0,,2022-10-27,3873
63,2022-10-03,2597,2,,61286,58432,,2022-10-27,3684
64,2022-10-26,60316,2,,14882,13010,,2022-10-27,3755
65,2022-10-10,72379,1,,7968,0,,2022-10-27,3146
66,2022-10-22,29311,2,,17834,16422,,2022-10-27,3932
67,2022-10-01,71767,2,,37078,34801,,2022-10-27,3609
68,2022-10-18,97792,1,,35969,0,,2022-10-27,3130
69,2022-09-29,1089,2,,18199,16831,,2022-10-27,3439
70,2022-10-17,1444,2,,35322,33487,,2022-10-27,3629
71,2022-09-29,65471,2,,37477,36115,,2022-10-27,3801
73,2022-10-21,34559,2,,46261,43704,,2022-10-27,3325
74,2022-09-30,96053,2,,47409,43746,,2022-10-27,3750
75,2022-10-08,13289,1,,17855,0,,2022-10-27,3084
76,2022-10-14,20160,2,,25919,23126,,2022-10-27,3489
77,2022-10-11,2927,2,,11856,10868,,2022-10-27,3079
78,2022-09-28,57343,2,,34556,33409,,2022-10-27,3135
79,2022-10-19,77440,2,,25584,22464,,2022-10-27,3139
80,2022-10-06,51212,2,,40536,37051,,2022-10-27,3276
81,2022-10-18,81714,1,,37222,0,,2022-10-27,3111
82,2022-09-29,99480,2,,41159,39412,,2022-10-27,3451
83,2022-10-02,54802,2,,42289,39937,,2022-10-27,3683
84,2022-10-12,94249,2,,21659,19734,,2022-10-27,3387
85,2022-10-25,2891,2,,58729,53733,,2022-10-27,3054
86,2022-09-30,93381,2,,42906,39739,,2022-10-27,3930
87,2022-10-16,57090,2,,16596,15328,,2022-10-27,3368
88,2022-10-09,87377,2,,28621,28286,,2022-10-27,3540
90,2022-10-14,8964,1,,20136,0,,2022-10-27,3276
91,2022-10-07,24150,1,,21869,0,,2022-10-27,3974
92,2022-09-28,33613,2,,7468,6421,,2022-10-27,3497
93,2022-09-29,28381,2,,46778,42770,,2022-10-27,3804
94,2022-10-04,91031,1,,19487,0,,2022-10-27,3932
95,2022-10-04,16842,2,,17033,16787,,2022-10-27,3316
96,2022-10-07,19732,1,,22846,0,,2022-10-27,3766
97,2022-10-22,44229,2,,5418,5031,,2022-10-27,3591
98,2022-10-21,61131,1,,7998,0,,2022-10-27,3833
99,2022-10-08,36860,2,,12731,10975,,2022-10-27,3375
100,2022-10-14,85042,1,,19041,0,,2022-10-27,3577
101,2022-09-30,51308,2,,41604,37758,,2022-10-27,3569
102,2022-10-13,36277,1,,26081,0,,2022-10-27,3814
103,2022-10-24,31093,2,,24339,22155,,2022-10-27,3751
104,2022-10-06,80619,2,,30951,28147,,2022-10-27,3703
105,2022-10-19,24038,1,,26961,0,,2022-10-27,3248
107,2022-10-14,57748,1,,50228,0,,2022-10-27,3291
108,2022-10-19,22124,2,,41711,39834,,2022-10-27,3805
109,2022-10-12,59534,2,,54756,51852,,2022-10-27,3772
110,2022-10-07,34994,2,,50080,47546,,2022-10-27,3227
111,2022-10-16,20486,2,,41802,40206,,2022-10-27,3994
112,2022-10-15,36331,2,,32370,30654,,2022-10-27,3643
113,2022-10-19,91349,1,,49297,0,,2022-10-27,3725
114,2022-10-14,5536,2,,42580,39964,,2022-10-27,3173
115,2022-10-06,15167,2,,21498,20728,,2022-10-27,3824
116,2022-10-12,32804,2,,24466,23383,,2022-10-27,3787
117,2022-10-13,32801,1,,28509,0,,2022-10-27,3268
118,2022-10-08,59358,1,,13480,0,,2022-10-27,3763
119,2022-10-14,81588,2,,41721,39577,,2022-10-27,3892
120,2022-10-23,97897,2,,56569,52089,,2022-10-27,3300
122,2022-09-28,57257,2,,9102,7812,,2022-10-27,3681
123,2022-10-13,9696,1,,34873,0,,2022-10-27,3742
125,2022-10-19,71208,2,,25463,24071,,2022-10-27,3666
126,2022-09-29,88926,2,,36753,34910,,2022-10-27,3844
127,2022-10-25,16288,1,,7400,0,,2022-10-27,3014
128,2022-10-17,96367,1,,12390,0,,2022-10-27,3875
129,2022-10-07,22639,2,,6834,6834,,2022-10-27,3993
130,2022-10-06,49970,2,,15658,14214,,2022-10-27,3757
131,2022-10-23,84066,2,,25741,23738,,2022-10-27,3651
132,2022-10-07,66295,1,,37696,0,,2022-10-27,3578
133,2022-10-14,49285,2,,29935,26003,,2022-10-27,3291
134,2022-10-11,35077,2,,47420,45696,,2022-10-27,3935
135,2022-10-22,40196,2,,15347,14820,,2022-10-27,3115
136,2022-10-08,67538,2,,40250,38324,,2022-10-27,3793
137,2022-10-12,18804,2,,18907,18328,,2022-10-27,3134
138,2022-10-10,21892,2,,40461,38023,,2022-10-27,3468
139,2022-10-26,46116,2,,7040,6400,,2022-10-27,3591
140,2022-09-29,64297,2,,36250,33443,,2022-10-27,3331
142,2022-10-06,62484,2,,13632,12354,,2022-10-27,3769
143,2022-10-26,74365,2,,36571,35462,,2022-10-27,3211
144,2022-09-29,16024,1,,1640,0,,2022-10-27,3831
145,2022-10-20,78026,2,,23329,22890,,2022-10-27,3190
146,2022-10-20,25885,1,,26082,0,,2022-10-27,3711
147,2022-10-26,61586,2,,8376,7329,,2022-10-27,3481
148,2022-10-02,88156,2,,38462,35718,,2022-10-27,3729
149,2022-10-26,7644,2,,24027,22164,,2022-10-27,3370
150,2022-10-23,46279,2,,2600,2496,,2022-10-27,3486
151,2022-10-07,49594,2,,29334,26055,,2022-10-27,3833
152,2022-10-16,53606,2,,25956,24064,,2022-10-27,3621
153,2022-10-19,54522,2,,12540,12540,,2022-10-27,3784
154,2022-10-06,26788,2,,51777,48777,,2022-10-27,3859
155,2022-10-20,58531,2,,23390,21432,,2022-10-27,3132
156,2022-10-20,20587,2,,25962,24600,,2022-10-27,3085
157,2022-10-25,89982,2,,9777,9282,,2022-10-27,3114
159,2022-09-29,77654,2,,44769,41874,,2022-10-27,3278
160,2022-10-24,31769,1,,42672,0,,2022-10-27,3768
161,2022-10-08,85421,1,,22575,0,,2022-10-27,3988
162,2022-10-13,39335,2,,21483,19909,,2022-10-27,3433
163,2022-10-12,10159,1,,10560,0,,2022-10-27,3758
164,2022-10-10,23669,1,,19834,0,,2022-10-27,3989
165,2022-10-19,22132,2,,5382,5265,,2022-10-27,3534
166,2022-10-21,63150,2,,33383,29553,,2022-10-27,3070
167,2022-10-17,68698,1,,30948,0,,2022-10-27,3931
168,2022-10-09,13364,1,,44931,0,,2022-10-27,3050
169,2022-09-28,34263,1,,70674,0,,2022-10-27,3319
170,2022-10-09,7817,2,,55470,53400,,2022-10-27,3320
171,2022-10-13,87898,2,,22543,20281,,2022-10-27,3212
172,2022-10-18,92219,2,,15182,12816,,2022-10-27,3084
173,2022-10-07,20816,2,,35811,32482,,2022-10-27,3495
174,2022-10-12,61534,2,,27442,26500,,2022-10-27,3546
176,2022-10-17,53308,2,,29133,27106,,2022-10-27,3435
177,2022-09-28,33725,2,,2390,1434,,2022-10-27,3621
178,2022-10-07,53684,2,,21694,19727,,2022-10-27,3361
179,2022-10-20,1470,2,,9587,8168,,2022-10-27,3350
180,2022-10-09,60542,2,,42758,39820,,2022-10-27,3323
181,2022-10-17,79660,1,,25307,0,,2022-10-27,3284
182,2022-10-12,79910,2,,37118,35495,,2022-10-27,3048
183,2022-10-09,59495,1,,19324,0,,2022-10-27,3280
184,2022-09-29,83240,2,,17030,14426,,2022-10-27,3909
185,2022-10-09,63122,2,,6339,4891,,2022-10-27,3995
186,2022-09-29,42232,2,,14835,12105,,2022-10-27,3320
187,2022-10-16,67785,1,,18874,0,,2022-10-27,3284
188,2022-10-05,69985,1,,32603,0,,2022-10-27,3904
189,2022-10-16,47722,2,,17145,16383,,2022-10-27,3184
190,2022-10-19,9745,1,,52497,0,,2022-10-27,3884
191,2022-10-19,35886,2,,27028,25005,,2022-10-27,3514
193,2022-10-01,21223,2,,51716,50084,,2022-10-27,3134
194,2022-10-01,44569,1,,15246,0,,2022-10-27,3550
195,2022-10-12,75450,1,,10889,0,,2022-10-27,3418
196,2022-09-30,29698,2,,32904,32236,,2022-10-27,3167
197,2022-10-09,17987,2,,54054,50210,,2022-10-27,3740
198,2022-10-18,61290,2,,25099,23951,,2022-10-27,3882
199,2022-10-11,5501,1,,24198,0,,2022-10-27,3926
200,2022-10-17,43316,1,,19831,0,,2022-10-27,3718
201,2022-10-26,79929,1,,52974,0,,2022-10-27,3714
202,2022-10-01,96015,1,,17695,0,,2022-10-27,3888
203,2022-10-08,36679,2,,30591,27233,,2022-10-27,3494
204,2022-10-02,28048,2,,32834,31204,,2022-10-27,3079
205,2022-10-10,23869,2,,22267,21525,,2022-10-27,3509
206,2022-10-12,53455,2,,21616,20174,,2022-10-27,3664
207,2022-10-04,49297,2,,12288,10750,,2022-10-27,3723
208,2022-10-01,11194,2,,13050,11644,,2022-10-27,3995
210,2022-10-24,77126,2,,32249,30515,,2022-10-27,3573
211,2022-10-17,43412,1,,27800,0,,2022-10-27,3098
212,2022-10-17,77088,1,,35333,0,,2022-10-27,3194
213,2022-10-11,66786,1,,41079,0,,2022-10-27,3270
214,2022-10-01,48762,2,,32127,29671,,2022-10-27,3216
215,2022-10-03,11874,1,,26590,0,,2022-10-27,3453
216,2022-09-30,10329,2,,7556,5844,,2022-10-27,3668
217,2022-10-14,49979,2,,18318,17406,,2022-10-27,3994
218,2022-10-14,68490,2,,55571,51160,,2022-10-27,3232
219,2022-10-22,69442,2,,36443,33058,,2022-10-27,3305
220,2022-10-04,97513,2,,34333,31149,,2022-10-27,3149
221,2022-10-05,22834,1,,2737,0,,2022-10-27,3996
222,2022-10-14,97040,2,,12508,12234,,2022-10-27,3869
223,2022-10-20,62571,1,,22551,0,,2022-10-27,3953
224,2022-10-07,59052,1,,42375,0,,2022-10-27,3159
225,2022-10-06,71999,1,,37045,0,,2022-10-27,3839
227,2022-10-09,85326,1,,21343,0,,2022-10-27,3445
228,2022-10-03,76521,2,,3240,2592,,2022-10-27,3071
229,2022-10-16,1616,2,,41820,38946,,2022-10-27,3075
230,2022-10-01,76542,2,,33988,31936,,2022-10-27,3148
231,2022-10-19,37159,2,,32784,30497,,2022-10-27,3973
232,2022-10-24,9190,2,,35696,34357,,2022-10-27,3003
233,2022-10-16,8155,2,,2640,1980,,2022-10-27,3294
234,2022-10-08,84203,2,,39591,36685,,2022-10-27,3909
235,2022-10-13,77909,2,,22563,21925,,2022-10-27,3154
236,2022-10-13,56008,2,,10489,9484,,2022-10-27,3509
237,2022-10-04,55273,2,,14511,13272,,2022-10-27,3521
238,2022-10-07,46152,1,,65044,0,,2022-10-27,3121
239,2022-10-26,64381,2,,18188,16165,,2022-10-27,3773
240,2022-10-21,16263,2,,60626,59023,,2022-10-27,3708
242,2022-10-02,94567,2,,10527,9889,,2022-10-27,3563
243,2022-10-14,91231,2,,18858,17724,,2022-10-27,3181
245,2022-10-09,60769,2,,8821,7614,,2022-10-27,3262
246,2022-10-17,47353,2,,47915,43602,,2022-10-27,3202
247,2022-09-29,6676,2,,23201,21262,,2022-10-27,3314
248,2022-10-16,73019,2,,43760,41667,,2022-10-27,3268
249,2022-10-09,2449,2,,15040,15040,,2022-10-27,3178
250,2022-10-17,82068,2,,25992,23535,,2022-10-27,3091
251,2022-10-14,30623,2,,18840,16032,,2022-10-27,3646
252,2022-10-08,83286,2,,14851,13887,,2022-10-27,3485
253,2022-10-11,23462,2,,45230,41683,,2022-10-27,3662
254,2022-10-22,19626,2,,17635,14616,,2022-10-27,3549
255,2022-10-18,69357,2,,30925,29022,,2022-10-27,3820
256,2022-10-03,26237,1,,38632,0,,2022-10-27,3531
257,2022-10-19,500,2,,14052,13168,,2022-10-27,3558
258,2022-10-11,64037,2,,34897,31020,,2022-10-27,3731
259,2022-10-09,96795,2,,5773,5271,,2022-10-27,3705
260,2022-10-24,30093,2,,23712,23712,,2022-10-27,3633
262,2022-10-15,17961,2,,30729,28361,,2022-10-27,3486
263,2022-10-08,57550,2,,18503,17087,,2022-10-27,3832
264,2022-10-19,21691,1,,19429,0,,2022-10-27,3945
265,2022-10-13,87860,1,,19014,0,,2022-10-27,3838
266,2022-10-08,51777,2,,23986,22615,,2022-10-27,3362
267,2022-10-08,41706,2,,35185,32143,,2022-10-27,3788
268,2022-10-19,32840,1,,46915,0,,2022-10-27,3167
269,2022-10-06,63740,2,,31109,27797,,2022-10-27,3798
270,2022-10-23,46139,2,,22870,20409,,2022-10-27,3615
271,2022-10-26,85191,2,,25496,23850,,2022-10-27,3028
272,2022-10-14,47236,1,,19208,0,,2022-10-27,3372
273,2022-09-30,73859,2,,9768,8490,,2022-10-27,3641
274,2022-10-25,54673,1,,24835,0,,2022-10-27,3147
275,2022-10-20,63011,2,,41030,39495,,2022-10-27,3917
276,2022-09-29,60782,2,,13216,11328,,2022-10-27,3558
277,2022-10-02,60268,2,,10104,9262,,2022-10-27,3456
279,2022-09-29,65378,2,,25083,24657,,2022-10-27,3418
280,2022-10-23,68902,1,,16888,0,,2022-10-27,3964
281,2022-10-21,20698,2,,43562,41090,,2022-10-27,3462
282,2022-10-25,67473,2,,40032,39442,,2022-10-27,3618
283,2022-09-29,78885,1,,30024,0,,2022-10-27,3745
284,2022-10-19,69534,2,,8790,8204,,2022-10-27,3496
285,2022-10-14,26844,1,,30948,0,,2022-10-27,3421
286,2022-09-30,95641,2,,54216,48492,,2022-10-27,3362
287,2022-10-09,36371,2,,20995,20517,,2022-10-27,3746
288,2022-10-24,79944,2,,46876,44563,,2022-10-27,3351
289,2022-10-26,82746,1,,57007,0,,2022-10-27,3210
290,2022-10-25,16886,1,,37027,0,,2022-10-27,3456
291,2022-10-17,50030,1,,14381,0,,2022-10-27,3304
292,2022-10-03,9375,2,,41383,37293,,2022-10-27,3368
293,2022-10-13,23046,1,,26851,0,,2022-10-27,3427
294,2022-10-02,37379,2,,40252,38041,,2022-10-27,3376
296,2022-10-22,7751,1,,10065,0,,2022-10-27,3584
297,2022-10-13,3265,2,,37066,32414,,2022-10-27,3936
298,2022-10-18,68697,2,,17150,15584,,2022-10-27,3505
299,2022-10-15,40641,2,,16531,15476,,2022-10-27,3643
300,2022-10-05,23251,2,,27168,24579,,2022-10-27,3116
301,2022-10-23,46126,2,,27409,25550,,2022-10-27,3162
302,2022-10-22,95552,2,,40863,37866,,2022-10-27,3619
303,2022-10-12,94564,2,,24343,23071,,2022-10-27,3303
304,2022-10-08,48554,1,,19756,0,,2022-10-27,3602
305,2022-10-06,79105,1,,15953,0,,2022-10-27,3665
306,2022-10-25,21551,2,,31779,29769,,2022-10-27,3844
307,2022-09-30,35147,2,,35204,33112,,2022-10-27,3816
308,2022-10-03,16903,2,,34000,31863,,2022-10-27,3296
309,2022-10-09,28959,2,,20888,18721,,2022-10-27,3153
310,2022-10-18,76425,2,,22249,19708,,2022-10-27,3214
311,2022-10-14,78154,1,,19149,0,,2022-10-27,3018
313,2022-10-20,28933,2,,8000,7360,,2022-10-27,3417
314,2022-10-06,38591,2,,11645,10865,,2022-10-27,3933
315,2022-10-09,52513,2,,1963,1661,,2022-10-27,3904
316,2022-10-14,8552,2,,4485,4290,,2022-10-27,3463
317,2022-10-16,43670,2,,22570,21218,,2022-10-27,3056
318,2022-10-08,81721,2,,22356,20545,,2022-10-27,3641
319,2022-10-17,65637,2,,86989,83107,,2022-10-27,3437
320,2022-09-30,85375,2,,29306,27433,,2022-10-27,3545
321,2022-09-30,25512,2,,46292,41433,,2022-10-27,3866
322,2022-10-18,93104,1,,13270,0,,2022-10-27,3137
323,2022-10-07,24910,2,,67422,60806,,2022-10-27,3041
324,2022-10-17,90538,2,,7708,7520,,2022-10-27,3233
325,2022-10-07,83977,2,,60305,56939,,2022-10-27,3817
326,2022-10-07,35161,2,,42281,40439,,2022-10-27,3402
327,2022-10-21,9657,2,,16666,15228,,2022-10-27,3583
328,2022-10-15,92858,2,,52785,48946,,2022-10-27,3335
330,2022-10-19,29374,1,,6797,0,,2022-10-27,3164
331,2022-10-11,32534,2,,24378,22570,,2022-10-27,3616
332,2022-10-14,60360,1,,50728,0,,2022-10-27,3621
333,2022-09-30,24292,2,,3444,2952,,2022-10-27,3515
334,2022-10-14,34156,2,,28085,26996,,2022-10-27,3690
335,2022-10-26,83316,1,,21243,0,,2022-10-27,3174
336,2022-10-07,68948,2,,51751,48235,,2022-10-27,3284
337,2022-10-21,72089,2,,52979,49300,,2022-10-27,3274
338,2022-10-08,64887,2,,36937,34660,,2022-10-27,3227
339,2022-10-15,11388,1,,8983,0,,2022-10-27,3143
340,2022-10-18,3530,2,,34351,32522,,2022-10-27,3521
341,2022-10-11,78642,2,,11564,9912,,2022-10-27,3840
342,2022-10-16,65327,2,,29537,27275,,2022-10-27,3038
343,2022-10-18,76045,2,,16166,15184,,2022-10-27,3417
344,2022-10-11,91764,2,,39300,36176,,2022-10-27,3968
345,2022-10-05,11626,2,,48531,46555,,2022-10-27,3625
347,2022-10-12,75811,1,,38579,0,,2022-10-27,3435
348,2022-10-13,35649,2,,42890,40100,,2022-10-27,3426
349,2022-10-08,7437,2,,32000,31726,,2022-10-27,3536
350,2022-09-28,47516,2,,6460,5700,,2022-10-27,3060
351,2022-10-15,59493,2,,32585,29407,,2022-10-27,3591
352,2022-10-20,65683,2,,23773,21917,,2022-10-27,3633
353,2022-10-18,8805,1,,29729,0,,2022-10-27,3688
354,2022-10-14,6780,2,,27511,24844,,2022-10-27,3323
355,2022-09-30,22564,2,,54367,50436,,2022-10-27,3105
356,2022-10-19,36159,2,,65054,62032,,2022-10-27,3743
357,2022-10-26,45153,2,,14983,14983,,2022-10-27,3253
358,2022-10-13,90970,2,,39738,39192,,2022-10-27,3763
359,2022-10-08,2745,2,,39803,37722,,2022-10-27,3484
360,2022-10-24,8376,2,,14400,14094,,2022-10-27,3640
362,2022-09-29,11557,1,,32691,0,,2022-10-27,3256
363,2022-10-02,8247,2,,2860,2080,,2022-10-27,3525
365,2022-10-11,46959,2,,7956,7020,,2022-10-27,3622
366,2022-10-17,86364,2,,31858,28754,,2022-10-27,3038
367,2022-10-01,41162,2,,25285,23270,,2022-10-27,3008
368,2022-09-30,25012,2,,14897,13732,,2022-10-27,3277
369,2022-09-29,43177,2,,42588,40460,,2022-10-27,3098
370,2022-10-24,75082,1,,17815,0,,2022-10-27,3505
371,2022-10-06,16879,2,,26210,24244,,2022-10-27,3745
372,2022-10-25,7705,1,,14317,0,,2022-10-27,3026
373,2022-10-08,77347,2,,48212,44984,,2022-10-27,3540
374,2022-10-18,62336,2,,12230,11207,,2022-10-27,3279
375,2022-10-05,28126,1,,61096,0,,2022-10-27,3577
376,2022-10-18,64554,2,,13404,13025,,2022-10-27,3884
377,2022-10-22,74753,1,,2296,0,,2022-10-27,3305
378,2022-10-02,43749,2,,32207,30388,,2022-10-27,3038
379,2022-10-11,59398,1,,16579,0,,2022-10-27,3037
380,2022-10-04,67098,2,,10048,9734,,2022-10-27,3479
382,2022-10-25,75200,2,,22902,22902,,2022-10-27,3314
383,2022-10-10,24010,2,,20235,16815,,2022-10-27,3070
384,2022-10-19,78051,2,,32293,30662,,2022-10-27,3555
385,2022-10-17,53347,2,,38232,34026,,2022-10-27,3103
386,2022-10-04,34664,2,,57475,52911,,2022-10-27,3105
387,2022-10-22,71912,2,,17686,16606,,2022-10-27,3025
388,2022-09-30,49425,2,,33758,32980,,2022-10-27,3334
389,2022-10-06,63570,2,,7106,6358,,2022-10-27,3472
390,2022-10-20,19528,2,,37970,34463,,2022-10-27,3020
391,2022-10-18,1651,2,,23374,21146,,2022-10-27,3427
392,2022-10-11,23873,1,,23374,0,,2022-10-27,3862
393,2022-10-19,8683,2,,39148,36906,,2022-10-27,3409
394,2022-10-14,60219,1,,67294,0,,2022-10-27,3586
395,2022-10-06,4477,2,,9245,7823,,2022-10-27,3612
396,2022-10-02,86931,2,,16942,14628,,2022-10-27,3655
397,2022-10-15,16560,2,,3454,3454,,2022-10-27,3133
399,2022-10-16,72634,1,,33108,0,,2022-10-27,3259
400,2022-10-06,89785,2,,42084,40852,,2022-10-27,3374
401,2022-10-07,66566,2,,39331,36386,,2022-10-27,3466
402,2022-10-04,3390,1,,40145,0,,2022-10-27,3389
403,2022-10-12,17204,1,,38987,0,,2022-10-27,3132
404,2022-10-15,68556,2,,33339,31495,,2022-10-27,3290
405,2022-10-02,82437,1,,24331,0,,2022-10-27,3389
406,2022-09-30,15926,2,,25886,23735,,2022-10-27,3543
407,2022-10-15,63675,1,,5235,0,,2022-10-27,3971
408,2022-09-28,26807,2,,30377,27281,,2022-10-27,3903
409,2022-10-05,32019,2,,25366,23159,,2022-10-27,3185
410,2022-10-01,94957,2,,20326,18136,,2022-10-27,3940
411,2022-09-29,25496,1,,29978,0,,2022-10-27,3435
412,2022-10-20,23085,1,,4772,0,,2022-10-27,3322
413,2022-10-22,34940,2,,31753,27197,,2022-10-27,3532
414,2022-10-24,83987,2,,6703,6188,,2022-10-27,3071
416,2022-10-20,14762,1,,64319,0,,2022-10-27,3755
417,2022-10-08,13054,2,,18721,18130,,2022-10-27,3236
418,2022-10-21,68799,2,,3263,2761,,2022-10-27,3081
419,2022-10-21,61214,2,,49085,47202,,2022-10-27,3864
420,2022-10-03,53326,2,,19995,16396,,2022-10-27,3969
421,2022-10-06,11486,2,,15781,14699,,2022-10-27,3472
422,2022-10-07,51378,2,,7252,7252,,2022-10-27,3100
423,2022-10-01,56878,2,,17496,16064,,2022-10-27,3291
424,2022-10-19,4442,2,,40000,37792,,2022-10-27,3427
425,2022-10-08,70617,2,,7770,7160,,2022-10-27,3531
426,2022-10-06,96446,2,,29346,27490,,2022-10-27,3873
427,2022-10-05,41549,1,,33735,0,,2022-10-27,3308
428,2022-10-19,78749,2,,38477,36538,,2022-10-27,3532
429,2022-10-13,41101,2,,30967,28920,,2022-10-27,3855
430,2022-10-23,49525,2,,9683,7999,,2022-10-27,3780
431,2022-10-02,37997,1,,24121,0,,2022-10-27,3011
433,2022-10-01,5261,2,,55636,53437,,2022-10-27,3974
434,2022-10-01,27055,2,,15882,13147,,2022-10-27,3173
435,2022-10-24,62429,1,,24035,0,,2022-10-27,3786
436,2022-10-22,68989,2,,19977,18138,,2022-10-27,3229
437,2022-09-28,98717,2,,36457,34071,,2022-10-27,3482
438,2022-10-20,65149,2,,57175,53685,,2022-10-27,3895
439,2022-10-06,19340,1,,63769,0,,2022-10-27,3690
440,2022-10-01,20689,2,,10168,9610,,2022-10-27,3740
441,2022-10-13,16089,2,,44293,41787,,2022-10-27,3615
442,2022-10-20,83990,2,,19917,18545,,2022-10-27,3927
443,2022-10-16,58230,2,,17352,15906,,2022-10-27,3270
444,2022-10-21,75656,2,,12660,10554,,2022-10-27,3058
445,2022-10-26,33899,1,,28191,0,,2022-10-27,3300
446,2022-10-10,79634,1,,30653,0,,2022-10-27,3155
447,2022-10-04,3484,2,,2080,1768,,2022-10-27,3977
448,2022-10-08,29275,2,,26460,24062,,2022-10-27,3516
450,2022-10-25,94162,2,,37550,35622,,2022-10-27,3578
451,2022-10-16,94604,2,,48912,46653,,2022-10-27,3674
452,2022-10-04,94861,2,,30383,28191,,2022-10-27,3011
453,2022-10-03,47028,2,,65606,60974,,2022-10-27,3470
454,2022-10-02,38644,2,,13761,13761,,2022-10-27,3551
455,2022-10-17,9259,2,,53007,48484,,2022-10-27,3462
456,2022-10-26,93028,2,,6732,6120,,2022-10-27,3217
457,2022-10-09,24394,2,,61719,60539,,2022-10-27,3551
458,2022-10-23,51319,2,,30205,29053,,2022-10-27,3039
459,2022-10-24,86207,1,,22444,0,,2022-10-27,3244
460,2022-10-03,17882,2,,15422,12844,,2022-10-27,3262
461,2022-10-13,11010,2,,22670,21201,,2022-10-27,3292
462,2022-10-17,65625,2,,8175,6904,,2022-10-27,3439
463,2022-10-08,19172,2,,23899,22894,,2022-10-27,3765
464,2022-10-14,26237,2,,61224,59234,,2022-10-27,3197
465,2022-10-26,41059,2,,33596,30594,,2022-10-27,3286
467,2022-10-10,56146,1,,16109,0,,2022-10-27,3748
468,2022-10-10,52391,1,,4699,0,,2022-10-27,3175
469,2022-10-10,61536,1,,26179,0,,2022-10-27,3961
470,2022-10-16,57893,2,,34992,32602,,2022-10-27,3244
471,2022-10-03,11307,2,,37536,36267,,2022-10-27,3789
472,2022-10-02,41754,2,,29043,27695,,2022-10-27,3354
473,2022-10-22,14821,2,,36149,33650,,2022-10-27,3946
474,2022-10-18,67447,1,,15580,0,,2022-10-27,3203
475,2022-10-26,78915,2,,24880,24075,,2022-10-27,3226
476,2022-10-18,21671,2,,57151,52691,,2022-10-27,3244
477,2022-10-19,3954,1,,66174,0,,2022-10-27,3472
478,2022-10-10,28963,2,,30848,29632,,2022-10-27,3988
479,2022-10-08,30008,2,,19352,18880,,2022-10-27,3927
480,2022-10-18,87300,2,,27996,26706,,2022-10-27,3531
482,2022-10-18,91298,2,,48743,46249,,2022-10-27,3133
483,2022-10-26,73640,2,,18241,15616,,2022-10-27,3188
485,2022-10-06,9794,2,,9931,9628,,2022-10-27,3117
486,2022-10-24,85797,2,,24518,22724,,2022-10-27,3047
487,2022-10-12,74627,2,,22048,20935,,2022-10-27,3322
488,2022-10-21,17751,2,,35057,32217,,2022-10-27,3212
489,2022-10-04,19367,2,,46705,44829,,2022-10-27,3783
490,2022-10-01,24806,1,,54514,0,,2022-10-27,3733
491,2022-10-06,39410,2,,41972,39966,,2022-10-27,3506
492,2022-10-09,61262,2,,22080,20160,,2022-10-27,3725
493,2022-09-29,998,1,,49310,0,,2022-10-27,3402
494,2022-10-14,54647,2,,34131,30905,,2022-10-27,3770
495,2022-10-04,10647,2,,5850,5460,,2022-10-27,3491
496,2022-10-06,73354,1,,24699,0,,2022-10-27,3270
497,2022-10-08,29525,1,,46554,0,,2022-10-27,3185
498,2022-10-07,65192,2,,39711,36934,,2022-10-27,3893
499,2022-10-22,49514,1,,47598,0,,2022-10-27,3432
500,2022-10-10,64330,2,,23040,21120,,2022-10-27,3117
502,2022-10-14,94149,2,,35613,34393,,2022-10-27,3959
503,2022-10-23,32470,2,,3422,3186,,2022-10-27,3904
504,2022-09-29,58769,1,,41621,0,,2022-10-27,3722
505,2022-10-05,32495,2,,35486,32176,,2022-10-27,3148
506,2022-10-21,84634,1,,9078,0,,2022-10-27,3565
507,2022-10-23,46351,2,,34291,32234,,2022-10-27,3424
508,2022-10-25,80748,1,,21758,0,,2022-10-27,3196
509,2022-10-25,7963,2,,31788,29132,,2022-10-27,3490
510,2022-10-18,59363,2,,37548,35876,,2022-10-27,3288
511,2022-09-30,32164,2,,21600,19934,,2022-10-27,3321
512,2022-10-18,42869,2,,16834,15953,,2022-10-27,3742
513,2022-10-07,62324,2,,43870,41624,,2022-10-27,3817
514,2022-10-01,63958,2,,30335,29241,,2022-10-27,3198
515,2022-09-29,3844,1,,27514,0,,2022-10-27,3767
516,2022-10-07,99042,2,,40683,38468,,2022-10-27,3633
517,2022-10-17,41461,2,,47689,43023,,2022-10-27,3960
519,2022-10-17,53477,1,,25307,0,,2022-10-27,3971
520,2022-10-09,24229,2,,37938,36539,,2022-10-27,3390
521,2022-10-21,11299,1,,42150,0,,2022-10-27,3314
522,2022-10-22,69645,2,,24721,23809,,2022-10-27,3133
523,2022-10-03,49125,2,,17582,13907,,2022-10-27,3158
524,2022-10-14,21932,2,,11460,9927,,2022-10-27,3805
525,2022-10-05,96911,2,,31795,28896,,2022-10-27,3642
526,2022-10-17,44397,2,,31664,28721,,2022-10-27,3470
527,2022-10-25,35401,2,,26118,25152,,2022-10-27,3908
528,2022-10-15,32202,2,,8289,7368,,2022-10-27,3806
529,2022-10-01,79977,2,,3938,3938,,2022-10-27,3893
530,2022-10-09,327,2,,19196,16629,,2022-10-27,3737
531,2022-10-03,60304,1,,10619,0,,2022-10-27,3701
532,2022-10-18,19250,1,,53283,0,,2022-10-27,3186
533,2022-10-20,94546,2,,36808,34792,,2022-10-27,3162
534,2022-09-30,94268,2,,15114,13282,,2022-10-27,3765
536,2022-10-15,58534,2,,18400,17200,,2022-10-27,3856
537,2022-10-06,76042,2,,21581,20308,,2022-10-27,3670
538,2022-10-07,53946,2,,31056,28652,,2022-10-27,3319
539,2022-10-07,82117,2,,29294,25308,,2022-10-27,3054
540,2022-10-23,18217,1,,22928,0,,2022-10-27,3527
541,2022-10-07,92726,2,,12108,10518,,2022-10-27,3141
542,2022-09-28,83311,2,,17765,16158,,2022-10-27,3989
543,2022-10-02,60956,2,,39383,36370,,2022-10-27,3069
544,2022-10-14,39416,1,,14194,0,,2022-10-27,3422
545,2022-10-08,22551,2,,26918,25385,,2022-10-27,3257
546,2022-10-19,91739,1,,41577,0,,2022-10-27,3125
547,2022-10-23,26247,1,,4342,0,,2022-10-27,3611
548,2022-10-19,63503,2,,8845,8482,,2022-10-27,3166
549,2022-10-08,31392,2,,30531,26850,,2022-10-27,3167
550,2022-10-08,98930,2,,25274,24698,,2022-10-27,3232
551,2022-10-26,65639,2,,47848,45612,,2022-10-27,3212
553,2022-10-01,61098,1,,28056,0,,2022-10-27,3993
554,2022-10-22,234,2,,51825,48315,,2022-10-27,3961
555,2022-10-01,48115,1,,28211,0,,2022-10-27,3985
556,2022-10-26,4494,2,,5712,5304,,2022-10-27,3054
557,2022-10-03,47588,2,,15732,15732,,2022-10-27,3234
558,2022-10-10,94395,1,,38226,0,,2022-10-27,3525
559,2022-10-12,85818,1,,35748,0,,2022-10-27,3037
560,2022-10-24,61627,1,,21144,0,,2022-10-27,3352
561,2022-10-17,60463,2,,43797,39336,,2022-10-27,3625
562,2022-10-11,77417,1,,65563,0,,2022-10-27,3235
563,2022-10-19,16940,2,,19429,17955,,2022-10-27,3194
564,2022-10-05,92174,2,,16405,15525,,2022-10-27,3394
565,2022-10-21,86112,1,,29134,0,,2022-10-27,3695
566,2022-09-28,92223,1,,28774,0,,2022-10-27,3854
567,2022-10-24,75492,2,,30270,27780,,2022-10-27,3965
568,2022-10-17,15714,2,,13363,13031,,2022-10-27,3070
570,2022-10-14,94252,2,,39725,35752,,2022-10-27,3434
571,2022-10-16,20862,2,,6840,6080,,2022-10-27,3258
572,2022-10-15,93064,1,,19930,0,,2022-10-27,3959
573,2022-10-15,53334,2,,21207,19052,,2022-10-27,3960
574,2022-10-02,47875,1,,26880,0,,2022-10-27,3460
575,2022-10-08,16629,2,,8025,6987,,2022-10-27,3492
576,2022-10-03,35846,1,,9310,0,,2022-10-27,3498
577,2022-10-15,52253,2,,28501,27629,,2022-10-27,3205
578,2022-10-20,7712,2,,37377,33786,,2022-10-27,3385
579,2022-10-07,73928,2,,32141,28501,,2022-10-27,3189
580,2022-10-05,52626,1,,26045,0,,2022-10-27,3471
581,2022-10-13,87238,2,,42172,39660,,2022-10-27,3469
582,2022-10-16,62425,2,,40500,38748,,2022-10-27,3904
583,2022-10-07,9944,2,,41132,37535,,2022-10-27,3772
584,2022-10-16,21365,1,,41727,0,,2022-10-27,3275
585,2022-09-29,58543,2,,27241,25888,,2022-10-27,3686
587,2022-10-08,16739,2,,45805,43867,,2022-10-27,3525
588,2022-10-14,65558,1,,32081,0,,2022-10-27,3620
589,2022-10-25,41714,2,,46768,44638,,2022-10-27,3690
590,2022-10-08,57889,2,,24645,23863,,2022-10-27,3533
591,2022-10-01,89607,2,,27960,24640,,2022-10-27,3979
592,2022-10-06,33361,2,,27540,25683,,2022-10-27,3363
593,2022-09-30,27745,2,,40456,37226,,2022-10-27,3390
594,2022-10-21,55702,2,,10638,10244,,2022-10-27,3824
595,2022-10-26,27545,2,,7708,7520,,2022-10-27,3891
596,2022-09-29,35402,2,,17246,17246,,2022-10-27,3622
597,2022-10-21,8177,2,,5200,4400,,2022-10-27,3173
598,2022-10-10,53876,2,,32131,30484,,2022-10-27,3274
599,2022-09-30,91180,1,,20962,0,,2022-10-27,3993
600,2022-10-23,87656,1,,4875,0,,2022-10-27,3496
602,2022-10-04,71287,2,,25832,24664,,2022-10-27,3950
603,2022-10-03,85600,2,,39786,37601,,2022-10-27,3272
605,2022-10-07,22530,1,,29707,0,,2022-10-27,3887
606,2022-10-12,9233,2,,41369,37764,,2022-10-27,3919
607,2022-10-21,27086,2,,14866,13929,,2022-10-27,3245
608,2022-10-12,57611,1,,38290,0,,2022-10-27,3140
609,2022-10-10,46602,2,,28424,26800,,2022-10-27,3078
610,2022-10-22,1068,2,,6118,5796,,2022-10-27,3038
611,2022-10-16,53562,2,,25742,23738,,2022-10-27,3949
612,2022-10-12,71423,2,,53440,50119,,2022-10-27,3564
613,2022-10-06,30544,2,,18403,16661,,2022-10-27,3398
614,2022-10-08,17359,2,,25763,24643,,2022-10-27,3343
615,2022-10-24,48893,2,,20848,18985,,2022-10-27,3795
616,2022-10-19,31675,2,,27274,23503,,2022-10-27,3444
617,2022-10-11,71018,2,,27251,26207,,2022-10-27,3760
618,2022-10-24,12856,2,,36519,33964,,2022-10-27,3534
619,2022-10-15,70739,2,,42424,39162,,2022-10-27,3308
620,2022-10-05,99192,1,,33540,0,,2022-10-27,3430
622,2022-10-14,68864,2,,28220,26160,,2022-10-27,3265
623,2022-10-05,719,1,,36631,0,,2022-10-27,3976
624,2022-10-08,95595,2,,4978,4716,,2022-10-27,3927
625,2022-10-21,82274,1,,42312,0,,2022-10-27,3057
626,2022-10-08,36230,2,,49432,46140,,2022-10-27,3367
627,2022-10-02,73980,2,,21080,20612,,2022-10-27,3945
628,2022-10-26,20209,2,,11135,9855,,2022-10-27,3856
629,2022-09-28,70399,2,,7511,7511,,2022-10-27,3050
630,2022-10-25,20233,2,,37672,36688,,2022-10-27,3548
631,2022-10-01,93057,1,,36607,0,,2022-10-27,3160
632,2022-10-22,34215,1,,24213,0,,2022-10-27,3861
633,2022-10-06,81862,2,,54283,49972,,2022-10-27,3285
634,2022-10-19,69034,2,,8970,8970,,2022-10-27,3642
635,2022-09-29,88002,2,,18878,18156,,2022-10-27,3807
636,2022-10-05,21834,2,,20554,19870,,2022-10-27,3083
637,2022-10-18,85062,2,,45295,44521,,2022-10-27,3161
639,2022-10-25,51306,2,,45229,39831,,2022-10-27,3471
640,2022-10-01,72784,2,,40350,36759,,2022-10-27,3587
641,2022-10-10,81329,2,,9308,8950,,2022-10-27,3021
642,2022-10-18,44750,2,,35485,33642,,2022-10-27,3452
643,2022-10-01,51959,1,,9982,0,,2022-10-27,3267
644,2022-10-11,99109,1,,47172,0,,2022-10-27,3275
645,2022-10-07,17359,2,,14861,13186,,2022-10-27,3733
646,2022-10-23,66347,1,,17520,0,,2022-10-27,3126
647,2022-10-05,18322,2,,4008,3841,,2022-10-27,3558
648,2022-10-12,2691,2,,46296,42149,,2022-10-27,3257
649,2022-10-12,17239,1,,47781,0,,2022-10-27,3835
650,2022-10-07,61953,2,,27779,26817,,2022-10-27,3301
651,2022-10-08,74038,2,,26340,25327,,2022-10-27,3382
652,2022-10-26,47371,2,,5240,5240,,2022-10-27,3601
653,2022-10-08,50423,1,,72763,0,,2022-10-27,3636
654,2022-10-01,54052,2,,15800,15346,,2022-10-27,3480
656,2022-10-03,61554,1,,41726,0,,2022-10-27,3711
657,2022-10-01,48178,2,,34388,32056,,2022-10-27,3655
658,2022-10-01,1998,2,,18082,17058,,2022-10-27,3984
659,2022-10-18,30890,1,,19421,0,,2022-10-27,3752
660,2022-10-04,3548,2,,17245,16234,,2022-10-27,3672
661,2022-10-07,36615,1,,29626,0,,2022-10-27,3610
662,2022-10-06,75708,2,,33225,32193,,2022-10-27,3562
663,2022-10-15,90066,2,,9240,8800,,2022-10-27,3786
664,2022-10-20,62583,2,,23902,22966,,2022-10-27,3499
665,2022-10-22,69332,2,,55319,49919,,2022-10-27,3827
666,2022-10-03,86114,2,,21454,19460,,2022-10-27,3924
667,2022-10-04,53689,2,,20047,18526,,2022-10-27,3688
668,2022-10-07,43569,2,,57634,55148,,2022-10-27,3431
669,2022-10-20,17037,1,,8122,0,,2022-10-27,3470
670,2022-10-20,14639,2,,27622,26629,,2022-10-27,3394
671,2022-10-06,7763,2,,37754,36365,,2022-10-27,3232
673,2022-10-17,5199,1,,23247,0,,2022-10-27,3341
674,2022-10-17,48090,2,,6435,5850,,2022-10-27,3281
675,2022-10-06,67609,2,,3794,3794,,2022-10-27,3637
676,2022-10-22,68297,2,,39066,38013,,2022-10-27,3860
677,2022-10-02,83833,2,,46190,44024,,2022-10-27,3226
678,2022-10-18,73920,2,,57811,54912,,2022-10-27,3224
679,2022-10-22,62074,1,,5373,0,,2022-10-27,3458
680,2022-09-28,27390,2,,35364,33152,,2022-10-27,3809
681,2022-10-26,65990,2,,9155,8822,,2022-10-27,3779
682,2022-10-17,23703,2,,55408,52351,,2022-10-27,3365
683,2022-09-30,76527,2,,30119,29280,,2022-10-27,3070
684,2022-10-15,35426,2,,23624,23057,,2022-10-27,3128
685,2022-10-20,83313,2,,46990,41670,,2022-10-27,3860
686,2022-09-29,69949,2,,14712,13449,,2022-10-27,3995
687,2022-10-04,12441,1,,8968,0,,2022-10-27,3736
688,2022-10-23,23069,2,,15524,13304,,2022-10-27,3167
690,2022-10-11,83083,2,,48815,44956,,2022-10-27,3166
691,2022-10-04,9746,2,,24680,22851,,2022-10-27,3271
692,2022-10-14,19745,2,,42704,40224,,2022-10-27,3978
693,2022-10-18,82945,2,,36504,34431,,2022-10-27,3809
694,2022-10-22,41388,2,,20083,18031,,2022-10-27,3684
695,2022-10-20,75867,2,,25028,23864,,2022-10-27,3653
696,2022-09-30,97104,2,,50648,48572,,2022-10-27,3618
697,2022-10-24,25184,2,,8684,7544,,2022-10-27,3222
698,2022-09-28,57172,1,,50140,0,,2022-10-27,3013
699,2022-10-17,72524,1,,21997,0,,2022-10-27,3735
700,2022-09-28,9205,2,,23001,23001,,2022-10-27,3548
701,2022-10-21,50281,2,,14947,14246,,2022-10-27,3365
702,2022-10-04,37180,2,,20356,19403,,2022-10-27,3619
703,2022-10-25,27843,1,,68246,0,,2022-10-27,3163
704,2022-10-20,200,2,,14899,13631,,2022-10-27,3955
705,2022-10-22,57500,2,,22102,19777,,2022-10-27,3191
707,2022-10-24,67223,1,,24694,0,,2022-10-27,3127
708,2022-10-03,69200,2,,48446,45010,,2022-10-27,3876
709,2022-10-08,16833,2,,18187,15066,,2022-10-27,3554
710,2022-10-23,72285,2,,17202,15482,,2022-10-27,3249
711,2022-10-16,91665,2,,17935,16522,,2022-10-27,3241
712,2022-10-22,35195,2,,46649,45358,,2022-10-27,3805
713,2022-10-14,59846,2,,24327,22392,,2022-10-27,3947
714,2022-10-04,29091,2,,29477,26779,,2022-10-27,3478
715,2022-10-03,76865,1,,50146,0,,2022-10-27,3974
716,2022-10-07,32493,1,,37267,0,,2022-10-27,3796
717,2022-10-19,24974,2,,24424,21144,,2022-10-27,3223
718,2022-10-02,64823,2,,46970,44430,,2022-10-27,3998
719,2022-10-12,20428,2,,38238,36333,,2022-10-27,3504
720,2022-10-18,89155,2,,44583,42283,,2022-10-27,3985
722,2022-10-05,46784,2,,29401,26873,,2022-10-27,3105
723,2022-10-11,27887,2,,14965,13505,,2022-10-27,3597
725,2022-09-28,80900,2,,35768,34188,,2022-10-27,3358
726,2022-10-20,93290,1,,38736,0,,2022-10-27,3151
727,2022-10-26,998,2,,11318,10798,,2022-10-27,3343
728,2022-10-08,74109,2,,32389,28503,,2022-10-27,3825
729,2022-10-26,83105,2,,13141,11101,,2022-10-27,3116
730,2022-10-12,99259,2,,4368,3822,,2022-10-27,3331
731,2022-10-01,73906,1,,33284,0,,2022-10-27,3904
732,2022-10-08,40262,2,,23224,19023,,2022-10-27,3422
733,2022-10-26,61691,2,,20130,18006,,2022-10-27,3897
734,2022-10-12,37524,2,,17196,15813,,2022-10-27,3887
735,2022-10-21,34262,1,,45000,0,,2022-10-27,3401
736,2022-10-24,96363,1,,23520,0,,2022-10-27,3692
737,2022-10-03,10517,2,,40356,37082,,2022-10-27,3498
738,2022-10-12,43839,2,,14736,14122,,2022-10-27,3786
739,2022-10-14,67281,1,,23857,0,,2022-10-27,3072
740,2022-10-23,78831,2,,33772,32088,,2022-10-27,3279
742,2022-09-29,92085,1,,7872,0,,2022-10-27,3961
743,2022-10-01,70951,2,,17799,16913,,2022-10-27,3477
744,2022-10-17,99296,2,,8878,8878,,2022-10-27,3198
745,2022-10-09,63910,2,,21923,20200,,2022-10-27,3687
746,2022-10-26,49085,1,,51628,0,,2022-10-27,3404
747,2022-10-15,10266,2,,31964,30612,,2022-10-27,3251
748,2022-10-03,36963,2,,48638,46076,,2022-10-27,3371
749,2022-10-24,91161,1,,28400,0,,2022-10-27,3352
750,2022-10-15,65726,2,,49820,45290,,2022-10-27,3612
751,2022-10-23,7328,1,,94397,0,,2022-10-27,3171
752,2022-10-03,49579,1,,39465,0,,2022-10-27,3814
753,2022-10-22,90077,2,,24905,22813,,2022-10-27,3286
754,2022-10-10,12753,1,,23925,0,,2022-10-27,3304
755,2022-10-22,2564,2,,20950,18359,,2022-10-27,3795
756,2022-10-05,83,1,,44250,0,,2022-10-27,3515
757,2022-10-20,5482,2,,40614,37464,,2022-10-27,3064
759,2022-10-20,70051,2,,36929,34933,,2022-10-27,3845
760,2022-10-20,61732,2,,22087,20046,,2022-10-27,3889
761,2022-09-29,83046,1,,42684,0,,2022-10-27,3734
762,2022-10-22,83228,2,,43070,39534,,2022-10-27,3173
763,2022-10-15,27064,2,,27733,27199,,2022-10-27,3670
764,2022-10-23,64615,2,,36155,34853,,2022-10-27,3194
765,2022-10-02,87590,2,,16638,15345,,2022-10-27,3529
766,2022-10-13,10058,2,,18235,17516,,2022-10-27,3081
767,2022-10-18,44487,2,,29383,28334,,2022-10-27,3742
768,2022-10-16,80925,2,,17000,14780,,2022-10-27,3278
769,2022-10-01,37013,2,,19275,18825,,2022-10-27,3152
770,2022-10-19,60592,2,,30625,29085,,2022-10-27,3428
771,2022-10-08,40567,2,,21825,20979,,2022-10-27,3026
772,2022-10-16,15198,2,,42224,39755,,2022-10-27,3787
773,2022-10-17,82052,2,,32838,31197,,2022-10-27,3637
774,2022-10-11,18165,2,,4543,3717,,2022-10-27,3023
776,2022-10-16,68977,2,,8340,6672,,2022-10-27,3077
777,2022-10-22,39539,2,,14222,12040,,2022-10-27,3073
778,2022-10-18,78516,2,,15980,15352,,2022-10-27,3694
779,2022-10-07,61296,2,,4648,3984,,2022-10-27,3105
780,2022-10-26,86930,2,,28343,26772,,2022-10-27,3006
781,2022-10-19,23606,1,,18825,0,,2022-10-27,3576
782,2022-10-01,90506,2,,25028,23039,,2022-10-27,3711
783,2022-10-25,97075,1,,29210,0,,2022-10-27,3007
784,2022-09-30,63444,2,,6768,5241,,2022-10-27,3200
785,2022-09-28,15511,2,,39955,37807,,2022-10-27,3979
786,2022-10-18,93140,2,,40084,36240,,2022-10-27,3415
787,2022-10-22,69985,1,,35161,0,,2022-10-27,3959
788,2022-10-25,95044,2,,39753,37909,,2022-10-27,3344
789,2022-10-14,68296,1,,47760,0,,2022-10-27,3417
790,2022-09-28,19060,1,,18800,0,,2022-10-27,3375
791,2022-10-13,63833,1,,31495,0,,2022-10-27,3424
793,2022-10-22,57454,2,,34299,31636,,2022-10-27,3753
794,2022-10-07,30113,2,,17759,17759,,2022-10-27,3611
795,2022-10-20,66348,2,,1456,1456,,2022-10-27,3663
796,2022-10-14,39440,2,,43553,38067,,2022-10-27,3703
797,2022-10-05,63086,2,,40830,37794,,2022-10-27,3277
798,2022-10-19,30344,2,,48100,45600,,2022-10-27,3830
799,2022-10-02,99147,2,,2184,1976,,2022-10-27,3068
800,2022-10-14,51178,2,,30380,27928,,2022-10-27,3525
801,2022-10-10,2715,2,,65157,60526,,2022-10-27,3429
802,2022-10-22,65961,2,,11751,10196,,2022-10-27,3106
803,2022-10-25,47719,2,,2145,2145,,2022-10-27,3957
804,2022-10-25,16508,1,,26658,0,,2022-10-27,3507
805,2022-09-30,27008,2,,32491,29716,,2022-10-27,3585
806,2022-10-10,70329,2,,48645,47158,,2022-10-27,3989
807,2022-10-01,78748,1,,2576,0,,2022-10-27,3362
808,2022-10-12,26939,2,,6096,6096,,2022-10-27,3820
810,2022-10-21,44967,2,,19410,17484,,2022-10-27,3729
811,2022-10-11,1662,1,,22456,0,,2022-10-27,3558
812,2022-10-01,95643,2,,34714,32043,,2022-10-27,3929
813,2022-10-25,41879,1,,16148,0,,2022-10-27,3207
814,2022-10-04,84822,2,,21798,19808,,2022-10-27,3985
815,2022-10-01,10352,2,,13914,13470,,2022-10-27,3914
816,2022-10-13,72752,2,,23318,21775,,2022-10-27,3798
817,2022-09-30,77358,2,,35905,35043,,2022-10-27,3494
818,2022-10-19,57721,2,,27468,26244,,2022-10-27,3342
819,2022-10-02,29353,2,,19373,17371,,2022-10-27,3546
820,2022-09-29,42897,2,,5746,4394,,2022-10-27,3087
821,2022-10-07,75652,2,,26711,25726,,2022-10-27,3436
822,2022-10-21,33979,2,,31512,31180,,2022-10-27,3820
823,2022-10-05,86538,2,,46427,43752,,2022-10-27,3704
824,2022-10-10,94340,1,,16252,0,,2022-10-27,3853
825,2022-10-01,42504,2,,38437,34982,,2022-10-27,3417
827,2022-10-26,41524,1,,26082,0,,2022-10-27,3554
828,2022-10-18,99168,1,,28242,0,,2022-10-27,3298
829,2022-10-13,86422,1,,13146,0,,2022-10-27,3121
830,2022-10-20,4635,2,,14172,12841,,2022-10-27,3716
831,2022-10-17,15458,2,,51713,50937,,2022-10-27,4000
832,2022-10-11,28481,2,,13348,12800,,2022-10-27,3553
833,2022-10-17,83786,2,,40461,39107,,2022-10-27,3686
834,2022-10-26,15777,2,,34294,33618,,2022-10-27,3210
835,2022-10-18,93769,1,,17470,0,,2022-10-27,3702
836,2022-10-02,45363,2,,31327,29351,,2022-10-27,3781
837,2022-10-23,80168,2,,38162,36531,,2022-10-27,3435
838,2022-10-22,9105,2,,72742,68611,,2022-10-27,3582
839,2022-10-02,8690,2,,7560,6726,,2022-10-27,3108
840,2022-10-06,71625,2,,40426,37815,,2022-10-27,3491
842,2022-10-23,42661,2,,18147,16220,,2022-10-27,4000
843,2022-10-03,53010,1,,30568,0,,2022-10-27,3466
845,2022-10-08,20240,2,,33924,30704,,2022-10-27,3055
846,2022-10-21,84148,1,,8405,0,,2022-10-27,3261
847,2022-10-04,30511,2,,35570,34904,,2022-10-27,3225
848,2022-10-20,40987,2,,40768,39935,,2022-10-27,3836
849,2022-10-23,21371,1,,17285,0,,2022-10-27,3303
850,2022-10-03,24038,1,,44611,0,,2022-10-27,3583
851,2022-10-10,11913,2,,22476,22153,,2022-10-27,3939
852,2022-10-08,15331,2,,7392,7056,,2022-10-27,3108
853,2022-10-08,11670,2,,14382,12690,,2022-10-27,3747
854,2022-10-21,28745,1,,44525,0,,2022-10-27,3486
855,2022-10-22,37915,1,,19418,0,,2022-10-27,3041
856,2022-10-14,63042,2,,4258,4121,,2022-10-27,3530
857,2022-10-12,14326,2,,40682,38070,,2022-10-27,3902
858,2022-10-15,1001,2,,40274,38778,,2022-10-27,3660
859,2022-10-26,93063,2,,22530,21186,,2022-10-27,3191
860,2022-10-02,28430,1,,2475,0,,2022-10-27,3873
862,2022-10-13,44385,1,,23108,0,,2022-10-27,3701
863,2022-10-05,65638,2,,37825,35995,,2022-10-27,3833
864,2022-10-01,9336,1,,47486,0,,2022-10-27,3369
865,2022-10-20,9313,2,,4248,4071,,2022-10-27,3286
866,2022-09-28,43081,2,,20742,19061,,2022-10-27,3496
867,2022-10-07,9686,2,,6137,6137,,2022-10-27,3654
868,2022-10-10,17960,2,,49152,45725,,2022-10-27,3307
869,2022-09-30,16037,2,,1330,1064,,2022-10-27,3734
870,2022-10-01,66507,2,,5138,4434,,2022-10-27,3174
871,2022-10-18,35523,1,,3140,0,,2022-10-27,3206
872,2022-10-03,24543,2,,8668,7486,,2022-10-27,3467
873,2022-10-05,1580,2,,10626,9660,,2022-10-27,3488
874,2022-09-28,91344,2,,41349,37462,,2022-10-27,3644
875,2022-10-13,74713,1,,8120,0,,2022-10-27,3767
876,2022-10-13,5755,2,,14822,13141,,2022-10-27,3713
877,2022-10-23,89494,1,,31086,0,,2022-10-27,3213
879,2022-10-10,94490,2,,11089,10582,,2022-10-27,3729
880,2022-10-21,16685,2,,27708,25705,,2022-10-27,3812
881,2022-10-18,76839,1,,9939,0,,2022-10-27,3199
882,2022-10-11,72540,2,,49651,47872,,2022-10-27,3827
883,2022-09-28,74993,1,,27885,0,,2022-10-27,3283
884,2022-10-12,36603,1,,45973,0,,2022-10-27,3776
885,2022-10-23,46389,2,,16870,16646,,2022-10-27,3931
886,2022-10-13,2961,2,,12608,11426,,2022-10-27,3340
887,2022-09-29,10434,1,,15977,0,,2022-10-27,3113
888,2022-10-20,4441,1,,9287,0,,2022-10-27,3904
889,2022-10-08,50239,2,,17120,16264,,2022-10-27,3952
890,2022-10-23,35472,2,,15044,13931,,2022-10-27,3987
891,2022-10-12,52440,2,,22978,20887,,2022-10-27,3981
892,2022-10-14,60010,1,,27180,0,,2022-10-27,3181
893,2022-10-06,46422,2,,38997,33744,,2022-10-27,3970
894,2022-10-03,65759,1,,48652,0,,2022-10-27,3818
896,2022-10-13,41456,2,,36544,35504,,2022-10-27,3698
897,2022-10-24,28784,2,,31256,28858,,2022-10-27,3778
898,2022-09-29,85760,2,,11357,10195,,2022-10-27,3802
899,2022-10-06,58919,2,,49851,48712,,2022-10-27,3720
900,2022-10-07,58293,1,,32114,0,,2022-10-27,3496
901,2022-09-29,8463,2,,19636,17984,,2022-10-27,3992
902,2022-10-03,1794,2,,30054,27020,,2022-10-27,3548
903,2022-10-17,29830,2,,36414,36175,,2022-10-27,3309
904,2022-10-16,62589,2,,3864,3036,,2022-10-27,3346
905,2022-10-01,82737,2,,50849,47796,,2022-10-27,3931
906,2022-10-25,20176,2,,20439,18149,,2022-10-27,3223
907,2022-10-13,76669,2,,23461,21589,,2022-10-27,4000
908,2022-10-18,78456,2,,7320,7137,,2022-10-27,3957
909,2022-10-21,63849,2,,22490,19628,,2022-10-27,3084
910,2022-10-19,35907,2,,14808,13583,,2022-10-27,3412
911,2022-10-06,8732,2,,24196,22240,,2022-10-27,3981
913,2022-10-15,36569,2,,16646,15449,,2022-10-27,3602
914,2022-10-05,86713,2,,23260,21711,,2022-10-27,3806
915,2022-10-03,21050,1,,15457,0,,2022-10-27,3545
916,2022-10-14,50240,2,,26120,24629,,2022-10-27,3954
917,2022-10-16,68868,2,,30711,28150,,2022-10-27,3111
918,2022-10-10,45733,2,,5026,4308,,2022-10-27,3735
919,2022-10-09,11454,1,,45134,0,,2022-10-27,3784
920,2022-10-07,18063,2,,45232,41366,,2022-10-27,3848
921,2022-10-25,14980,2,,18810,16429,,2022-10-27,3733
922,2022-10-11,21563,2,,34912,33893,,2022-10-27,3912
923,2022-10-15,67421,2,,56346,52520,,2022-10-27,3538
924,2022-10-11,97789,1,,37476,0,,2022-10-27,3368
925,2022-09-30,24465,1,,64452,0,,2022-10-27,3848
926,2022-10-17,14146,2,,39085,33791,,2022-10-27,3121
927,2022-10-12,76994,2,,11587,11197,,2022-10-27,3929
928,2022-10-11,24846,2,,34890,32356,,2022-10-27,3073
930,2022-10-24,39184,2,,13299,11687,,2022-10-27,3025
931,2022-10-05,68940,2,,63373,60548,,2022-10-27,3513
932,2022-10-02,77347,2,,6855,6511,,2022-10-27,3093
933,2022-10-18,76242,2,,8203,7005,,2022-10-27,3402
934,2022-09-29,82234,2,,31464,30484,,2022-10-27,3906
935,2022-10-15,47541,2,,24216,23428,,2022-10-27,3022
936,2022-10-14,75375,2,,44245,42363,,2022-10-27,3085
937,2022-09-28,16655,2,,13998,11451,,2022-10-27,3956
938,2022-10-23,76615,2,,66394,64604,,2022-10-27,3762
939,2022-10-19,57088,1,,47089,0,,2022-10-27,3066
940,2022-10-24,98408,2,,9394,8113,,2022-10-27,3364
941,2022-10-08,92771,2,,43193,40356,,2022-10-27,3650
942,2022-10-02,16497,2,,32254,31298,,2022-10-27,3936
943,2022-10-07,90099,2,,30344,28391,,2022-10-27,3835
944,2022-10-20,66322,1,,27188,0,,2022-10-27,3917
945,2022-10-18,61862,2,,6402,4518,,2022-10-27,3114
947,2022-10-08,41708,2,,14277,13590,,2022-10-27,3847
948,2022-10-03,10738,2,,9020,9020,,2022-10-27,3731
949,2022-09-28,45292,2,,22394,20978,,2022-10-27,3781
950,2022-10-16,28931,2,,43789,41187,,2022-10-27,3532
951,2022-10-21,10395,2,,11160,10850,,2022-10-27,3211
952,2022-10-20,79187,2,,2525,2424,,2022-10-27,3254
953,2022-10-23,71933,2,,29315,27481,,2022-10-27,3960
954,2022-10-02,52027,2,,23994,21693,,2022-10-27,3785
955,2022-10-17,52361,2,,28154,26326,,2022-10-27,3550
956,2022-10-19,64702,2,,8454,7221,,2022-10-27,3789
957,2022-10-01,36820,1,,36052,0,,2022-10-27,3118
958,2022-10-11,13672,1,,13827,0,,2022-10-27,3861
959,2022-09-29,13378,2,,21687,19864,,2022-10-27,3848
960,2022-10-20,37874,1,,13407,0,,2022-10-27,3147
962,2022-10-05,33843,2,,32937,28704,,2022-10-27,3333
963,2022-10-21,87788,1,,9850,0,,2022-10-27,3806
965,2022-10-17,53728,2,,16420,15915,,2022-10-27,3791
966,2022-10-04,88863,2,,22572,20880,,2022-10-27,3116
967,2022-10-01,89604,2,,29783,27275,,2022-10-27,3131
968,2022-10-04,47552,2,,21264,18352,,2022-10-27,3393
969,2022-10-20,90566,2,,33209,30968,,2022-10-27,3677
970,2022-09-28,60303,2,,62542,56760,,2022-10-27,3042
971,2022-10-21,65290,2,,19769,19061,,2022-10-27,3232
972,2022-10-04,61359,2,,22630,21478,,2022-10-27,3385
973,2022-10-11,37839,2,,35448,32364,,2022-10-27,3010
974,2022-09-28,57434,2,,21633,20995,,2022-10-27,3142
975,2022-10-10,31797,2,,37099,34913,,2022-10-27,3238
976,2022-10-06,84764,2,,10897,8931,,2022-10-27,3261
977,2022-10-07,12499,2,,28001,26558,,2022-10-27,3324
978,2022-10-25,77037,2,,29571,26907,,2022-10-27,3908
979,2022-10-22,86806,2,,49442,46740,,2022-10-27,3039
980,2022-10-17,258,2,,21024,18564,,2022-10-27,3408
982,2022-09-29,25451,2,,69822,65249,,2022-10-27,3477
983,2022-10-22,10899,1,,47120,0,,2022-10-27,3184
984,2022-10-11,33666,2,,13282,11810,,2022-10-27,3558
985,2022-10-24,19363,2,,28474,26822,,2022-10-27,3271
986,2022-10-01,73121,2,,40512,38364,,2022-10-27,3440
987,2022-10-02,63493,2,,10498,8609,,2022-10-27,3930
988,2022-10-06,75678,1,,17412,0,,2022-10-27,3049
989,2022-10-05,37755,2,,27914,26059,,2022-10-27,3326
990,2022-10-06,41709,2,,32522,29474,,2022-10-27,3944
991,2022-10-03,65883,2,,1989,1521,,2022-10-27,3561
992,2022-10-20,88344,2,,20394,19340,,2022-10-27,3295
993,2022-10-05,68839,1,,4662,0,,2022-10-27,3821
994,2022-10-14,37986,1,,21360,0,,2022-10-27,3651
995,2022-10-10,65611,2,,31394,30608,,2022-10-27,3226
996,2022-10-09,80728,2,,52834,49945,,2022-10-27,3533
997,2022-10-03,86433,2,,24236,22723,,2022-10-27,3851
999,2022-10-25,86650,2,,32769,30311,,2022-10-27,3089
1000,2022-10-17,66132,2,,23510,22039,,2022-10-27,3381
1001,2022-10-04,4072,2,,18845,18054,,2022-10-27,3154
1002,2022-10-24,81957,2,,49802,46013,,2022-10-27,3114
1003,2022-10-10,89496,2,,15271,14137,,2022-10-27,3399
1004,2022-09-28,75909,1,,6264,0,,2022-10-27,3849
1005,2022-10-17,74598,2,,11027,9601,,2022-10-27,3140
1006,2022-10-25,48470,1,,11529,0,,2022-10-27,3990
1007,2022-10-25,94288,1,,27881,0,,2022-10-27,3268
1008,2022-10-02,1826,1,,5018,0,,2022-10-27,3130
1009,2022-10-12,1719,2,,34026,30742,,2022-10-27,3872
1010,2022-10-22,46592,2,,31040,27492,,2022-10-27,3807
1011,2022-10-14,58436,1,,34779,0,,2022-10-27,3509
1012,2022-10-17,70331,2,,30870,28234,,2022-10-27,3741
1013,2022-10-10,33998,2,,45492,42467,,2022-10-27,3284
1014,2022-10-07,52475,1,,7588,0,,2022-10-27,3834
1016,2022-09-30,17751,2,,27015,25231,,2022-10-27,3513
1017,2022-10-14,51642,2,,35347,33602,,2022-10-27,3836
1018,2022-10-07,55990,1,,11473,0,,2022-10-27,3849
1019,2022-10-05,99223,2,,55470,51598,,2022-10-27,3197
1020,2022-09-28,35597,2,,6680,6680,,2022-10-27,3301
1021,2022-10-01,55808,2,,11136,10308,,2022-10-27,3643
1022,2022-10-14,28389,2,,5784,4820,,2022-10-27,3606
1023,2022-10-01,33006,2,,57667,55093,,2022-10-27,3185
1024,2022-10-23,89576,2,,41211,37868,,2022-10-27,3432
1025,2022-10-18,28800,2,,39432,36708,,2022-10-27,3598
1026,2022-10-14,85252,2,,23207,21307,,2022-10-27,3372
1027,2022-10-20,61208,2,,13195,10087,,2022-10-27,3201
1028,2022-10-06,84788,2,,28130,26279,,2022-10-27,3513
1029,2022-10-13,51638,2,,24515,22917,,2022-10-27,3590
1030,2022-09-28,83262,2,,70497,65049,,2022-10-27,3148
1031,2022-10-01,8664,2,,37859,36931,,2022-10-27,3739
1033,2022-10-21,42877,2,,23178,21852,,2022-10-27,3140
1034,2022-10-14,47251,2,,39208,34904,,2022-10-27,3101
1035,2022-10-15,69621,1,,21403,0,,2022-10-27,3610
1036,2022-09-29,73954,2,,40749,38795,,2022-10-27,3378
1037,2022-10-17,19419,2,,8550,7594,,2022-10-27,3934
1038,2022-10-18,66246,2,,34514,32487,,2022-10-27,3730
1039,2022-10-15,21211,2,,35742,34390,,2022-10-27,3434
1040,2022-10-24,19920,2,,4981,4409,,2022-10-27,3727
1041,2022-10-15,76199,2,,27102,25521,,2022-10-27,3754
1042,2022-10-13,23898,2,,30834,28888,,2022-10-27,3432
1043,2022-10-06,29990,2,,30045,28459,,2022-10-27,3278
1044,2022-10-20,8552,2,,50135,48208,,2022-10-27,3430
1045,2022-10-03,37239,2,,19697,17320,,2022-10-27,3060
1046,2022-10-16,39735,2,,14865,13587,,2022-10-27,3259
1047,2022-10-09,10309,2,,26253,23510,,2022-10-27,3036
1048,2022-10-25,2920,2,,15770,14940,,2022-10-27,3202
1050,2022-10-07,93059,2,,16719,15222,,2022-10-27,3044
1051,2022-09-30,25424,2,,13920,13440,,2022-10-27,3107
1052,2022-10-24,62236,2,,3658,3304,,2022-10-27,3800
1053,2022-10-19,33146,1,,17722,0,,2022-10-27,3009
1054,2022-10-13,81115,2,,25045,23699,,2022-10-27,3361
1055,2022-10-21,63756,2,,29580,27096,,2022-10-27,3251
1056,2022-10-13,61471,2,,27167,25194,,2022-10-27,3099
1057,2022-10-21,47979,2,,6318,5832,,2022-10-27,3768
1058,2022-10-22,27312,2,,31058,29538,,2022-10-27,3332
1059,2022-09-30,73574,2,,62480,58686,,2022-10-27,3165
1060,2022-09-30,40437,2,,27631,26237,,2022-10-27,3145
1061,2022-10-14,3992,2,,9819,9163,,2022-10-27,3051
1062,2022-10-16,3811,2,,14884,13832,,2022-10-27,3814
1063,2022-10-12,99652,2,,49895,47673,,2022-10-27,3300
1064,2022-10-23,21306,1,,29839,0,,2022-10-27,3418
1065,2022-10-23,77512,1,,16650,0,,2022-10-27,3078
1067,2022-10-21,35066,2,,25890,21555,,2022-10-27,3812
1068,2022-10-05,46139,1,,34441,0,,2022-10-27,3061
1069,2022-10-13,81352,2,,20009,18616,,2022-10-27,3479
1070,2022-09-28,11304,2,,33799,31149,,2022-10-27,3941
1071,2022-10-02,80298,2,,9540,8912,,2022-10-27,3212
1072,2022-10-24,32959,2,,14294,12915,,2022-10-27,3016
1073,2022-10-17,21034,2,,45817,43621,,2022-10-27,3876
1074,2022-10-03,84693,1,,31865,0,,2022-10-27,3157
1075,2022-10-23,90203,1,,23956,0,,2022-10-27,3303
1076,2022-10-18,30282,2,,17581,16192,,2022-10-27,3846
1077,2022-10-20,67558,2,,30667,30254,,2022-10-27,3647
1078,2022-10-03,22776,2,,51851,48919,,2022-10-27,3924
1079,2022-10-21,87143,2,,28622,27903,,2022-10-27,3405
1080,2022-10-24,65696,2,,56273,52864,,2022-10-27,3303
1082,2022-09-28,19416,2,,8697,8256,,2022-10-27,3257
1083,2022-10-20,25725,2,,13696,12648,,2022-10-27,3545
1085,2022-10-13,89915,2,,58457,55250,,2022-10-27,3528
1086,2022-10-05,34071,2,,23899,22300,,2022-10-27,3189
1087,2022-10-10,11070,2,,30391,28317,,2022-10-27,3377
1088,2022-10-10,56593,2,,44046,41239,,2022-10-27,3791
1089,2022-10-10,15360,2,,70267,64759,,2022-10-27,3858
1090,2022-10-25,11504,1,,9892,0,,2022-10-27,3031
1091,2022-10-26,98443,1,,32218,0,,2022-10-27,3997
1092,2022-09-28,56616,2,,4446,4446,,2022-10-27,3743
1093,2022-10-16,46125,2,,27692,25270,,2022-10-27,3273
1094,2022-10-12,2634,2,,26534,23654,,2022-10-27,3272
1095,2022-10-06,37309,1,,15970,0,,2022-10-27,3586
1096,2022-10-05,59656,2,,4755,4121,,2022-10-27,3959
1097,2022-10-20,87068,1,,4063,0,,2022-10-27,3342
1098,2022-10-04,84571,2,,12549,12282,,2022-10-27,3091
1099,2022-09-28,67514,2,,32783,30734,,2022-10-27,3863
1100,2022-10-04,2301,1,,25543,0,,2022-10-27,3383
1102,2022-10-16,70099,1,,25241,0,,2022-10-27,3862
1103,2022-10-20,29293,2,,39327,36588,,2022-10-27,3838
1104,2022-10-20,64925,1,,14138,0,,2022-10-27,3171
1105,2022-10-03,89719,2,,14654,12666,,2022-10-27,3867
1106,2022-09-30,73573,1,,20790,0,,2022-10-27,3726
1107,2022-09-28,12191,1,,21419,0,,2022-10-27,3063
1108,2022-10-07,95347,2,,24492,22660,,2022-10-27,3032
1109,2022-10-13,23360,2,,9648,9312,,2022-10-27,3777
1110,2022-10-09,61213,2,,18688,17478,,2022-10-27,3910
1111,2022-10-09,40734,2,,20783,19030,,2022-10-27,3759
1112,2022-10-01,82477,2,,26148,23544,,2022-10-27,3616
1113,2022-10-12,28792,1,,29094,0,,2022-10-27,3910
1114,2022-10-02,59198,2,,1924,1924,,2022-10-27,3348
1115,2022-10-05,76809,2,,33552,30544,,2022-10-27,3662
1116,2022-10-07,63955,1,,35846,0,,2022-10-27,3124
1117,2022-10-05,13600,2,,16158,14716,,2022-10-27,3136
1119,2022-10-17,10229,1,,6105,0,,2022-10-27,3181
1120,2022-10-21,11240,2,,6596,6596,,2022-10-27,3543
1121,2022-10-26,12694,2,,16437,14846,,2022-10-27,3863
1122,2022-10-03,83469,1,,35393,0,,2022-10-27,3105
1123,2022-10-09,9828,2,,16588,15000,,2022-10-27,3731
1124,2022-09-28,29460,2,,21340,19514,,2022-10-27,3880
1125,2022-10-14,24246,2,,48232,45626,,2022-10-27,3509
1126,2022-09-30,91043,1,,21238,0,,2022-10-27,3266
1127,2022-10-04,17686,2,,40357,39221,,2022-10-27,3499
1128,2022-10-02,37566,2,,18155,16619,,2022-10-27,3203
1129,2022-10-13,7931,1,,11078,0,,2022-10-27,3733
1130,2022-10-18,47721,2,,53010,50490,,2022-10-27,3224
1131,2022-10-05,88720,2,,39275,36912,,2022-10-27,3797
1132,2022-10-18,56925,2,,28828,26003,,2022-10-27,3399
1133,2022-09-30,42277,2,,22418,21348,,2022-10-27,3495
1134,2022-10-19,2014,2,,64550,60227,,2022-10-27,3954
1136,2022-10-06,33451,2,,49618,48414,,2022-10-27,3290
1137,2022-09-28,59131,1,,25442,0,,2022-10-27,3136
1138,2022-10-12,19133,2,,26827,24950,,2022-10-27,3851
1139,2022-10-23,47502,2,,21924,21045,,2022-10-27,3376
1140,2022-10-09,49736,1,,36224,0,,2022-10-27,3923
1141,2022-10-15,53813,1,,34881,0,,2022-10-27,3841
1142,2022-10-26,81996,2,,51691,49975,,2022-10-27,3815
1143,2022-10-03,3374,2,,38789,35167,,2022-10-27,3174
1144,2022-10-09,49355,2,,18018,15482,,2022-10-27,3829
1145,2022-10-16,9457,2,,39575,36269,,2022-10-27,3717
1146,2022-10-11,96982,1,,18048,0,,2022-10-27,3453
1147,2022-10-20,48702,2,,15253,12849,,2022-10-27,3253
1148,2022-10-25,95617,2,,30734,29621,,2022-10-27,3412
1149,2022-10-19,73379,1,,20064,0,,2022-10-27,3484
1150,2022-10-22,83402,2,,13518,11770,,2022-10-27,3215
1151,2022-10-19,82280,2,,14516,13472,,2022-10-27,3446
1153,2022-10-24,81976,1,,24856,0,,2022-10-27,3429
1154,2022-10-07,14788,2,,39407,36227,,2022-10-27,3051
1155,2022-10-22,66567,2,,7449,6371,,2022-10-27,3490
1156,2022-10-14,96487,2,,29526,28360,,2022-10-27,3740
1157,2022-09-30,48755,2,,62360,60662,,2022-10-27,3688
1158,2022-10-03,53691,2,,16219,14182,,2022-10-27,3972
1159,2022-10-11,64858,2,,16983,15608,,2022-10-27,3746
1160,2022-10-11,38724,2,,40182,38591,,2022-10-27,3640
1161,2022-10-17,7505,2,,24421,22434,,2022-10-27,3231
1162,2022-10-09,79531,2,,21979,20154,,2022-10-27,3848
1163,2022-10-01,73305,2,,20237,18998,,2022-10-27,3333
1164,2022-10-11,39590,1,,29458,0,,2022-10-27,3159
1165,2022-10-25,39463,2,,30306,28420,,2022-10-27,3066
1166,2022-10-02,51366,2,,52522,48351,,2022-10-27,3714
1167,2022-10-14,48555,2,,20160,19680,,2022-10-27,3887
1168,2022-10-04,38387,2,,32760,31035,,2022-10-27,3348
1170,2022-10-01,74102,2,,24356,22373,,2022-10-27,3055
1171,2022-10-11,45150,2,,14880,13920,,2022-10-27,3475
1172,2022-10-02,92301,2,,56881,54855,,2022-10-27,3854
1173,2022-10-06,91947,2,,39850,36438,,2022-10-27,3482
1174,2022-10-15,47671,2,,55450,52159,,2022-10-27,3647
1175,2022-10-12,99589,2,,25664,23722,,2022-10-27,3736
1176,2022-10-15,26944,2,,50790,48418,,2022-10-27,3534
1177,2022-10-16,81546,2,,58920,56911,,2022-10-27,3936
1178,2022-10-17,74169,2,,8968,7552,,2022-10-27,3897
1179,2022-10-06,30067,2,,9908,9192,,2022-10-27,3398
1180,2022-10-05,28058,2,,35037,31970,,2022-10-27,3728
1181,2022-09-30,59478,2,,13694,12638,,2022-10-27,3107
1182,2022-10-12,77665,2,,50501,48542,,2022-10-27,3922
1183,2022-09-30,62450,2,,43959,42251,,2022-10-27,3540
1184,2022-10-07,44421,2,,9512,9184,,2022-10-27,3277
1185,2022-10-03,17928,1,,20408,0,,2022-10-27,3285
1187,2022-10-22,43866,1,,18657,0,,2022-10-27,3696
1188,2022-10-24,15808,2,,14824,13792,,2022-10-27,3731
1189,2022-10-09,39843,1,,21325,0,,2022-10-27,3128
1190,2022-10-18,29334,2,,15683,13960,,2022-10-27,3011
1191,2022-10-11,65594,2,,62209,57778,,2022-10-27,3829
1192,2022-10-03,18127,2,,24677,23889,,2022-10-27,3279
1193,2022-10-04,82947,1,,34352,0,,2022-10-27,3975
1194,2022-10-26,93771,2,,20440,18910,,2022-10-27,3928
1195,2022-10-21,86548,2,,36200,34198,,2022-10-27,3632
1196,2022-10-06,30417,2,,25811,23722,,2022-10-27,3378
1197,2022-10-21,28861,2,,52046,48438,,2022-10-27,3882
1198,2022-10-17,84422,1,,13812,0,,2022-10-27,3740
1199,2022-09-29,27631,2,,10087,8868,,2022-10-27,3214
1200,2022-10-25,75380,2,,41571,40004,,2022-10-27,3403
1202,2022-10-08,80476,1,,5307,0,,2022-10-27,3764
1203,2022-10-20,95666,1,,13044,0,,2022-10-27,3333
1205,2022-10-06,12768,2,,24514,21683,,2022-10-27,3431
1206,2022-10-08,49643,1,,30807,0,,2022-10-27,3944
1207,2022-10-18,93306,2,,15537,13714,,2022-10-27,3664
1208,2022-10-13,10202,2,,19756,18515,,2022-10-27,3495
1209,2022-10-12,1927,2,,48722,46490,,2022-10-27,3994
1210,2022-10-01,10367,2,,32280,27677,,2022-10-27,3352
1211,2022-10-07,78499,2,,15069,13745,,2022-10-27,3347
1212,2022-10-19,62778,2,,3726,3402,,2022-10-27,3831
1213,2022-10-01,47527,2,,13426,12640,,2022-10-27,3807
1214,2022-10-18,41961,2,,37036,35118,,2022-10-27,3855
1215,2022-09-29,53568,1,,20265,0,,2022-10-27,3086
1216,2022-10-05,23891,1,,21077,0,,2022-10-27,3738
1217,2022-10-07,85475,2,,57511,55572,,2022-10-27,3924
1218,2022-09-29,12340,2,,28849,27769,,2022-10-27,3899
1219,2022-10-20,89838,2,,29074,27451,,2022-10-27,3512
1220,2022-10-05,70316,2,,20229,16447,,2022-10-27,3357
1222,2022-10-23,16591,2,,22473,19776,,2022-10-27,3685
1223,2022-10-04,29024,2,,42022,36870,,2022-10-27,3267
1224,2022-10-14,84401,2,,7987,7140,,2022-10-27,3025
1225,2022-09-28,84897,2,,38734,35345,,2022-10-27,3526
1226,2022-10-24,27490,1,,11570,0,,2022-10-27,3449
1227,2022-10-06,47182,2,,55339,50679,,2022-10-27,3318
1228,2022-10-11,20523,2,,44163,43027,,2022-10-27,3368
1229,2022-10-02,35746,2,,7705,6365,,2022-10-27,3871
1230,2022-10-15,51409,2,,39804,38296,,2022-10-27,3050
1231,2022-10-07,21073,2,,32911,31247,,2022-10-27,3530
1232,2022-10-15,74446,2,,35113,33048,,2022-10-27,3054
1233,2022-10-16,45760,2,,33469,30585,,2022-10-27,3543
1234,2022-10-08,59663,2,,42406,39767,,2022-10-27,3671
1235,2022-10-14,136,1,,31499,0,,2022-10-27,3229
1236,2022-10-18,76878,2,,15764,14604,,2022-10-27,3772
1237,2022-10-19,16354,2,,13830,13369,,2022-10-27,3602
1239,2022-10-06,60024,1,,16732,0,,2022-10-27,3650
1240,2022-10-18,23257,2,,33737,30667,,2022-10-27,3171
1241,2022-09-28,52194,2,,9456,8454,,2022-10-27,3204
1242,2022-10-10,49787,2,,25807,25332,,2022-10-27,3246
1243,2022-10-26,95816,2,,39600,37301,,2022-10-27,3657
1244,2022-10-12,76870,2,,52695,49495,,2022-10-27,3130
1245,2022-09-28,87914,1,,35986,0,,2022-10-27,3322
1246,2022-10-12,62063,2,,51808,50481,,2022-10-27,3933
1247,2022-10-24,4479,2,,56518,53418,,2022-10-27,3866
1248,2022-10-17,41908,2,,50366,46915,,2022-10-27,3133
1249,2022-10-07,62232,2,,17005,15485,,2022-10-27,3543
1250,2022-10-21,50167,2,,28665,26910,,2022-10-27,3079
1251,2022-10-18,7053,2,,59888,54189,,2022-10-27,3543
1252,2022-10-17,96892,1,,33790,0,,2022-10-27,3314
1253,2022-10-20,126,1,,8621,0,,2022-10-27,3038
1254,2022-10-07,4704,2,,11564,11092,,2022-10-27,3496
1256,2022-10-11,7130,2,,21337,19322,,2022-10-27,3327
1257,2022-10-07,66207,2,,11302,9440,,2022-10-27,3347
1258,2022-10-16,99903,2,,27309,24252,,2022-10-27,3944
1259,2022-10-16,15183,2,,31104,30217,,2022-10-27,3726
1260,2022-09-28,97464,2,,18042,15911,,2022-10-27,3209
1261,2022-10-07,14209,2,,15540,12972,,2022-10-27,3052
1262,2022-10-09,73526,2,,35374,33728,,2022-10-27,3639
1263,2022-10-18,455,1,,16840,0,,2022-10-27,3505
1264,2022-10-05,63544,1,,27984,0,,2022-10-27,3142
1265,2022-10-24,78741,2,,21963,21127,,2022-10-27,3564
1266,2022-10-20,27611,1,,59869,0,,2022-10-27,3315
1267,2022-10-26,64243,2,,24590,23232,,2022-10-27,3577
1268,2022-09-28,31202,1,,21724,0,,2022-10-27,3253
1269,2022-10-23,35968,2,,3840,3648,,2022-10-27,3426
1270,2022-10-10,6953,1,,5040,0,,2022-10-27,3272
1271,2022-10-03,83976,2,,19967,18914,,2022-10-27,3470
1273,2022-10-03,99890,2,,63995,62592,,2022-10-27,3370
1274,2022-10-10,32621,2,,32289,30956,,2022-10-27,3422
1275,2022-10-08,28352,2,,22270,20132,,2022-10-27,3575
1276,2022-10-01,20968,2,,31797,29561,,2022-10-27,3977
1277,2022-09-30,20144,1,,16904,0,,2022-10-27,3215
1278,2022-10-01,72600,2,,16983,16083,,2022-10-27,3938
1279,2022-10-02,13465,1,,21467,0,,2022-10-27,3011
1280,2022-10-24,94557,1,,18000,0,,2022-10-27,3640
1281,2022-10-06,5979,2,,6676,5736,,2022-10-27,3218
1282,2022-10-13,20813,2,,29976,27735,,2022-10-27,3867
1283,2022-10-19,59073,2,,17156,16787,,2022-10-27,3783
1284,2022-10-15,40604,2,,34481,31011,,2022-10-27,3869
1285,2022-10-10,19121,1,,8864,0,,2022-10-27,3016
1286,2022-10-03,29305,1,,21288,0,,2022-10-27,3888
1287,2022-10-07,25289,1,,22746,0,,2022-10-27,3505
1288,2022-10-20,49178,2,,2688,2240,,2022-10-27,3080
1290,2022-10-19,96276,2,,52259,49175,,2022-10-27,3295
1291,2022-10-18,4566,2,,7926,7150,,2022-10-27,3425
1292,2022-10-26,55688,2,,39809,37019,,2022-10-27,3173
1293,2022-10-26,74007,2,,11132,11132,,2022-10-27,3567
1294,2022-09-28,54955,1,,20768,0,,2022-10-27,3311
1295,2022-10-23,47869,2,,51018,47550,,2022-10-27,3572
1296,2022-10-13,57151,2,,43829,40489,,2022-10-27,3711
1297,2022-10-05,21838,1,,22522,0,,2022-10-27,3087
1298,2022-10-05,34950,2,,53920,51573,,2022-10-27,3931
1299,2022-10-25,17318,2,,38725,35963,,2022-10-27,3005
1300,2022-10-03,6724,2,,11020,10576,,2022-10-27,3481
1301,2022-10-10,71159,2,,22023,20849,,2022-10-27,3438
1302,2022-10-04,78744,1,,17784,0,,2022-10-27,3693
1303,2022-10-11,80304,2,,24764,23831,,2022-10-27,3836
1304,2022-10-08,25060,2,,5424,4886,,2022-10-27,3817
1305,2022-10-22,84746,2,,19850,18400,,2022-10-27,3672
1307,2022-10-22,92250,2,,37122,35156,,2022-10-27,3676
1308,2022-10-25,42196,2,,49417,45496,,2022-10-27,3235
1309,2022-10-03,12191,2,,23002,21558,,2022-10-27,3030
1310,2022-10-26,81561,1,,23519,0,,2022-10-27,3452
1311,2022-10-25,56660,2,,64498,59849,,2022-10-27,3390
1312,2022-10-09,93100,2,,25984,24109,,2022-10-27,3721
1313,2022-10-18,47145,2,,41615,40135,,2022-10-27,3334
1314,2022-10-05,15112,2,,55968,51258,,2022-10-27,3629
1315,2022-10-09,2001,2,,50348,47626,,2022-10-27,3814
1316,2022-10-09,33901,2,,33880,30797,,2022-10-27,3465
1317,2022-10-23,70509,2,,25545,24295,,2022-10-27,3446
1318,2022-10-09,53175,2,,48876,46418,,2022-10-27,3259
1319,2022-10-10,75199,2,,37750,36480,,2022-10-27,3009
1320,2022-10-13,24015,2,,60323,55192,,2022-10-27,3752
1322,2022-10-17,76817,2,,23113,20060,,2022-10-27,3750
1323,2022-10-05,21176,2,,33138,32121,,2022-10-27,3966
1325,2022-10-10,32420,2,,42218,39120,,2022-10-27,3964
1326,2022-10-24,19877,1,,11567,0,,2022-10-27,3724
1327,2022-10-19,96848,2,,43387,40271,,2022-10-27,3465
1328,2022-10-06,69836,1,,27286,0,,2022-10-27,3216
1329,2022-10-01,46796,1,,11637,0,,2022-10-27,3396
1330,2022-10-22,32128,2,,28708,26984,,2022-10-27,3559
1331,2022-10-07,56371,2,,41505,40128,,2022-10-27,3659
1332,2022-10-07,42099,2,,9850,9142,,2022-10-27,3794
1333,2022-10-26,45871,2,,18235,17855,,2022-10-27,3123
1334,2022-10-08,81260,2,,34602,33381,,2022-10-27,3371
1335,2022-10-25,42222,2,,25946,23923,,2022-10-27,3505
1336,2022-10-03,11326,1,,18589,0,,2022-10-27,3335
1337,2022-10-19,29905,2,,24256,22584,,2022-10-27,3779
1338,2022-10-07,72541,1,,18746,0,,2022-10-27,3786
1339,2022-10-03,23756,2,,17187,15009,,2022-10-27,3747
1340,2022-10-09,32120,2,,48108,44136,,2022-10-27,3057
1342,2022-10-19,19816,1,,28320,0,,2022-10-27,3046
1343,2022-10-23,41473,2,,11451,9747,,2022-10-27,3301
1344,2022-10-03,90056,2,,14212,14212,,2022-10-27,3435
1345,2022-10-19,6284,2,,68522,65025,,2022-10-27,3281
1346,2022-09-30,40657,2,,14801,13357,,2022-10-27,3158
1347,2022-10-11,41021,2,,32318,30157,,2022-10-27,3255
1348,2022-10-09,818,2,,40008,35663,,2022-10-27,3577
1349,2022-10-05,82529,2,,21435,19996,,2022-10-27,3055
1350,2022-10-07,72004,1,,11360,0,,2022-10-27,3202
1351,2022-09-28,16283,1,,4394,0,,2022-10-27,3478
1352,2022-10-20,78037,2,,12400,12400,,2022-10-27,3798
1353,2022-10-11,71354,2,,40315,37173,,2022-10-27,3113
1354,2022-10-12,10559,1,,22416,0,,2022-10-27,3220
1355,2022-10-18,25483,1,,47474,0,,2022-10-27,3906
1356,2022-10-01,65931,1,,25767,0,,2022-10-27,3827
1357,2022-10-16,91105,2,,47168,44570,,2022-10-27,3713
1359,2022-10-16,98278,2,,24351,20013,,2022-10-27,3019
1360,2022-10-23,54835,2,,20997,19047,,2022-10-27,3967
1361,2022-10-11,33603,2,,20058,19131,,2022-10-27,3961
1362,2022-10-20,59545,2,,30363,26782,,2022-10-27,3374
1363,2022-10-14,15146,2,,28581,25237,,2022-10-27,3800
1364,2022-10-18,54040,2,,13477,12493,,2022-10-27,3093
1365,2022-10-23,91545,1,,38210,0,,2022-10-27,3994
1366,2022-10-26,24121,2,,3425,3288,,2022-10-27,3175
1367,2022-10-12,13184,1,,28345,0,,2022-10-27,3624
1368,2022-10-11,87075,2,,28852,28087,,2022-10-27,3443
1369,2022-10-13,78152,2,,33565,32457,,2022-10-27,3220
1370,2022-10-01,82415,1,,34163,0,,2022-10-27,3174
1371,2022-10-06,54511,2,,37158,34776,,2022-10-27,3923
1372,2022-10-21,99693,2,,45476,44626,,2022-10-27,3946
1373,2022-09-30,1116,2,,19495,17621,,2022-10-27,3164
1374,2022-10-25,15621,2,,16520,14868,,2022-10-27,3719
1376,2022-10-03,30270,2,,7930,7930,,2022-10-27,3028
1377,2022-10-25,36562,2,,21104,19478,,2022-10-27,3372
1378,2022-10-04,24442,1,,51881,0,,2022-10-27,3162
1379,2022-10-23,11943,2,,28175,24642,,2022-10-27,3455
1380,2022-10-19,86172,2,,21225,19771,,2022-10-27,3836
1381,2022-09-28,91850,2,,22149,19398,,2022-10-27,3484
1382,2022-10-19,45155,2,,12754,11866,,2022-10-27,3021
1383,2022-10-07,39493,2,,12381,11142,,2022-10-27,3725
1384,2022-09-30,97896,2,,21960,21266,,2022-10-27,3285
1385,2022-10-20,48452,2,,37731,35335,,2022-10-27,3170
1386,2022-10-01,34245,2,,10504,9537,,2022-10-27,3800
1387,2022-09-30,20373,2,,7837,6454,,2022-10-27,3059
1388,2022-10-21,85346,2,,6344,6344,,2022-10-27,3353
1389,2022-10-25,37956,1,,50364,0,,2022-10-27,3987
1390,2022-10-12,93954,2,,43308,39992,,2022-10-27,3885
1391,2022-10-16,11320,2,,14845,13301,,2022-10-27,3203
1393,2022-10-16,25470,2,,40034,37658,,2022-10-27,3491
1394,2022-10-12,62694,2,,30324,29304,,2022-10-27,3292
1395,2022-10-14,58153,1,,55010,0,,2022-10-27,3611
1396,2022-10-13,79019,1,,6622,0,,2022-10-27,3074
1397,2022-10-22,55226,2,,37033,34523,,2022-10-27,3947
1398,2022-10-04,30373,1,,30082,0,,2022-10-27,3525
1399,2022-10-01,84056,2,,8360,8360,,2022-10-27,3348
1400,2022-10-02,19642,2,,30780,28094,,2022-10-27,3590
1401,2022-10-09,53153,1,,9354,0,,2022-10-27,3004
1402,2022-09-30,59049,1,,30524,0,,2022-10-27,3312
1403,2022-10-20,11844,2,,43386,41556,,2022-10-27,3077
1404,2022-10-05,69210,2,,20727,19458,,2022-10-27,3061
1405,2022-10-05,80492,1,,39217,0,,2022-10-27,3338
1406,2022-10-10,94131,2,,14648,12764,,2022-10-27,3598
1407,2022-10-17,17444,2,,60205,55816,,2022-10-27,3745
1408,2022-10-22,26992,2,,39945,35139,,2022-10-27,3760
1410,2022-10-10,40493,2,,42158,41582,,2022-10-27,3977
1411,2022-09-28,87742,2,,18650,16666,,2022-10-27,3449
1412,2022-09-29,9763,2,,22900,21468,,2022-10-27,3385
1413,2022-10-01,64172,2,,38870,38214,,2022-10-27,3769
1414,2022-10-19,51423,1,,22280,0,,2022-10-27,3473
1415,2022-10-14,41151,2,,24009,23349,,2022-10-27,3206
1416,2022-09-28,42819,1,,51956,0,,2022-10-27,3792
1417,2022-10-20,57933,2,,36455,34666,,2022-10-27,3282
1418,2022-10-07,36223,1,,32046,0,,2022-10-27,3571
1419,2022-10-02,63941,2,,23282,19788,,2022-10-27,3008
1420,2022-10-07,16734,2,,45881,41624,,2022-10-27,3272
1421,2022-10-20,73955,2,,41680,40261,,2022-10-27,3690
1422,2022-10-16,34551,2,,14398,13671,,2022-10-27,3366
1423,2022-10-04,19327,2,,7046,5962,,2022-10-27,3419
1424,2022-10-02,54490,2,,7485,5573,,2022-10-27,3287
1425,2022-10-17,8812,2,,36479,34615,,2022-10-27,3238
1427,2022-10-22,99720,2,,28616,26972,,2022-10-27,3277
1428,2022-10-09,39963,2,,26148,24548,,2022-10-27,3727
1429,2022-10-14,32670,2,,25044,22336,,2022-10-27,3833
1430,2022-10-04,4754,2,,69415,67268,,2022-10-27,3273
1431,2022-10-21,15281,2,,44833,42825,,2022-10-27,3679
1432,2022-10-25,99479,2,,39735,36524,,2022-10-27,3280
1433,2022-10-13,45673,2,,29059,27462,,2022-10-27,3487
1434,2022-10-03,68360,1,,20328,0,,2022-10-27,3761
1435,2022-10-04,44065,2,,18107,16572,,2022-10-27,3444
1436,2022-10-19,3249,2,,33236,31144,,2022-10-27,3750
1437,2022-10-08,38393,2,,27455,24482,,2022-10-27,3195
1438,2022-10-11,1914,2,,42749,40216,,2022-10-27,3867
1439,2022-10-12,10537,2,,42624,39977,,2022-10-27,3468
1440,2022-09-29,62946,2,,22855,21596,,2022-10-27,3996
1,2022-10-12,11372,2,,40844,24900,,2022-10-27,3347
4,2022-09-29,28686,2,,45444,41174,,2022-10-27,3008
21,2022-10-03,23803,2,,58482,55481,,2022-10-27,3981
38,2022-10-21,35002,2,,28763,27796,,2022-10-27,3650
55,2022-10-12,7737,2,,8402,7188,,2022-10-27,3951
72,2022-10-23,46648,1,,26864,0,,2022-10-27,3837
89,2022-10-04,94322,2,,37178,34787,,2022-10-27,3807
106,2022-10-21,38312,2,,29755,27081,,2022-10-27,3062
121,2022-09-28,63399,2,,36271,32635,,2022-10-27,3622
124,2022-10-17,8373,2,,24668,22197,,2022-10-27,3369
141,2022-10-19,93698,2,,41122,39554,,2022-10-27,3493
158,2022-10-09,28596,2,,23130,21757,,2022-10-27,3865
175,2022-09-30,99168,2,,28659,25203,,2022-10-27,3017
192,2022-10-05,20069,2,,16894,15644,,2022-10-27,3317
209,2022-09-29,29376,2,,48727,45829,,2022-10-27,3750
226,2022-10-22,55492,2,,60731,58269,,2022-10-27,3228
241,2022-10-01,69833,2,,20167,18966,,2022-10-27,3967
244,2022-10-19,33503,2,,14005,12498,,2022-10-27,3728
261,2022-10-13,75022,2,,16059,15623,,2022-10-27,3885
278,2022-10-22,44469,2,,34859,33112,,2022-10-27,3539
295,2022-10-04,2541,1,,54443,0,,2022-10-27,3131
312,2022-09-29,24835,2,,32454,29680,,2022-10-27,3171
329,2022-10-04,77616,1,,46892,0,,2022-10-27,3228
346,2022-10-11,85078,2,,13932,13932,,2022-10-27,3948
361,2022-10-08,21923,2,,17223,15745,,2022-10-27,3893
364,2022-10-18,31154,2,,22888,21393,,2022-10-27,3322
381,2022-10-22,88802,2,,31844,30948,,2022-10-27,3926
398,2022-10-04,73243,1,,17061,0,,2022-10-27,3332
415,2022-10-09,97410,1,,7396,0,,2022-10-27,3305
432,2022-10-08,6314,2,,92696,86320,,2022-10-27,3506
449,2022-10-20,92515,2,,33094,31803,,2022-10-27,3598
466,2022-10-21,39445,2,,40396,37826,,2022-10-27,3087
481,2022-10-13,89478,2,,21186,19992,,2022-10-27,3018
484,2022-10-02,74231,2,,6256,6256,,2022-10-27,3321
501,2022-10-20,44893,2,,35759,32570,,2022-10-27,3355
518,2022-10-21,5412,1,,6847,0,,2022-10-27,3131
535,2022-10-03,74595,2,,13208,12064,,2022-10-27,3099
552,2022-10-21,32904,2,,47242,45901,,2022-10-27,3862
569,2022-10-22,66276,1,,52229,0,,2022-10-27,3575
586,2022-10-11,26513,2,,10470,9305,,2022-10-27,3784
601,2022-10-07,74126,2,,39979,36849,,2022-10-27,3901
604,2022-10-04,30885,2,,22680,20822,,2022-10-27,3370
621,2022-10-07,9677,2,,21883,21334,,2022-10-27,3598
638,2022-10-11,32179,2,,25752,24068,,2022-10-27,3144
655,2022-10-20,15267,2,,20215,18506,,2022-10-27,3687
672,2022-10-03,93134,2,,38156,34385,,2022-10-27,3235
689,2022-10-09,78236,1,,26533,0,,2022-10-27,3939
706,2022-10-19,34446,1,,24364,0,,2022-10-27,3681
721,2022-10-03,83860,2,,21593,20761,,2022-10-27,3194
724,2022-10-07,97199,2,,17944,17336,,2022-10-27,3999
741,2022-10-05,49538,2,,3473,3473,,2022-10-27,3546
758,2022-10-06,5625,2,,25413,22534,,2022-10-27,3682
775,2022-10-12,25798,2,,4956,3717,,2022-10-27,3296
792,2022-10-04,4736,2,,51033,50620,,2022-10-27,3764
809,2022-10-14,43079,1,,50447,0,,2022-10-27,3906
826,2022-10-24,32517,1,,22563,0,,2022-10-27,3655
841,2022-10-23,49590,2,,9083,8497,,2022-10-27,3963
844,2022-10-05,11951,1,,4740,0,,2022-10-27,3367
861,2022-10-03,8339,2,,8140,8140,,2022-10-27,3651
878,2022-10-23,792,2,,34572,33345,,2022-10-27,3059
1442,2022-10-11,62505,1,,18285,0,,2022-10-27,3548
1443,2022-09-30,10107,2,,13771,12892,,2022-10-27,3153
1445,2022-10-21,39831,1,,66223,0,,2022-10-27,3044
1446,2022-10-05,69803,2,,17686,16148,,2022-10-27,3781
1447,2022-10-22,57611,1,,35044,0,,2022-10-27,3999
1448,2022-10-02,1935,2,,18658,16694,,2022-10-27,3563
1449,2022-10-24,89265,1,,20159,0,,2022-10-27,3761
1450,2022-10-19,65322,1,,6422,0,,2022-10-27,3615
1451,2022-10-21,7286,2,,25000,23624,,2022-10-27,3869
1452,2022-10-08,20739,2,,49274,47027,,2022-10-27,3944
1453,2022-10-15,65027,2,,43273,39749,,2022-10-27,3730
1454,2022-10-05,70541,1,,20983,0,,2022-10-27,3932
1455,2022-10-02,70762,2,,29545,27059,,2022-10-27,3044
1456,2022-10-24,66115,1,,14116,0,,2022-10-27,3405
1457,2022-10-18,18230,2,,6721,6149,,2022-10-27,3562
1458,2022-09-30,69428,2,,3740,2618,,2022-10-27,3133
1459,2022-10-21,48031,1,,28220,0,,2022-10-27,3302
1460,2022-10-20,37954,2,,76306,72916,,2022-10-27,3066
1462,2022-10-10,26951,2,,5841,5664,,2022-10-27,3820
1463,2022-09-30,84045,2,,41118,36990,,2022-10-27,3586
1464,2022-10-03,9975,1,,74772,0,,2022-10-27,3334
1465,2022-10-09,24817,2,,8840,8060,,2022-10-27,3501
1466,2022-10-21,25567,2,,19874,18397,,2022-10-27,3705
1467,2022-10-04,70760,2,,26969,24931,,2022-10-27,3524
1468,2022-10-21,50629,2,,69472,64486,,2022-10-27,3368
1469,2022-09-29,50477,2,,45611,43392,,2022-10-27,3203
1470,2022-10-20,56461,2,,32710,30810,,2022-10-27,3963
1471,2022-10-21,30953,2,,36603,34272,,2022-10-27,3184
1472,2022-10-10,16409,2,,47435,43653,,2022-10-27,3523
1473,2022-10-10,67085,2,,24153,22105,,2022-10-27,3187
1474,2022-10-07,41483,2,,48927,45025,,2022-10-27,3638
1475,2022-09-29,45978,2,,17136,15740,,2022-10-27,3806
1476,2022-10-15,25954,2,,25170,22133,,2022-10-27,3408
1477,2022-10-06,4407,1,,19404,0,,2022-10-27,3501
1479,2022-10-12,24936,2,,6038,5192,,2022-10-27,3048
1480,2022-10-24,76601,2,,16931,15684,,2022-10-27,3883
1481,2022-10-20,75245,1,,32402,0,,2022-10-27,3297
1482,2022-10-06,64748,2,,16014,13670,,2022-10-27,3313
1483,2022-10-24,57301,2,,37974,36102,,2022-10-27,3306
1484,2022-10-16,52590,2,,15046,14432,,2022-10-27,3725
1485,2022-10-09,18900,2,,57347,53075,,2022-10-27,3547
1486,2022-10-12,56258,2,,23036,21488,,2022-10-27,3299
1487,2022-10-19,45113,2,,76720,73039,,2022-10-27,3213
1488,2022-10-12,96140,2,,67623,60565,,2022-10-27,3541
1489,2022-10-25,66487,2,,26606,26035,,2022-10-27,3733
1490,2022-10-16,75682,2,,31464,28644,,2022-10-27,3455
1491,2022-10-09,74171,2,,41930,39388,,2022-10-27,3092
1492,2022-10-17,68932,2,,38436,35288,,2022-10-27,3114
1493,2022-10-25,29043,2,,72540,67093,,2022-10-27,3909
1494,2022-10-26,69868,1,,30014,0,,2022-10-27,3510
1496,2022-10-21,22282,2,,17436,15439,,2022-10-27,3419
1497,2022-10-10,74257,2,,11248,10656,,2022-10-27,3717
1498,2022-09-29,41579,1,,14330,0,,2022-10-27,3354
1499,2022-10-06,58080,1,,34713,0,,2022-10-27,3205
1500,2022-09-28,19354,2,,46795,44211,,2022-10-27,3311
895,2022-10-07,80325,1,,54864,0,,2022-10-27,3686
912,2022-10-11,22009,1,,52211,0,,2022-10-27,3453
929,2022-10-16,4567,2,,31905,31293,,2022-10-27,3340
946,2022-10-21,18219,2,,15804,13686,,2022-10-27,3385
961,2022-10-03,29394,2,,27121,25294,,2022-10-27,3449
964,2022-10-02,77302,2,,17217,16150,,2022-10-27,3027
981,2022-10-01,2083,2,,37234,35000,,2022-10-27,3913
998,2022-10-19,47252,2,,22134,20670,,2022-10-27,3210
1015,2022-10-19,48004,2,,72857,66567,,2022-10-27,3744
1032,2022-10-07,52814,2,,6548,6100,,2022-10-27,3445
1049,2022-10-19,45484,2,,11132,8638,,2022-10-27,3241
1066,2022-10-05,65705,2,,37118,35037,,2022-10-27,3225
1081,2022-10-21,71173,2,,7903,6691,,2022-10-27,3595
1084,2022-10-18,34216,2,,17973,17153,,2022-10-27,3705
1101,2022-10-19,38979,1,,41376,0,,2022-10-27,3569
1118,2022-10-04,22739,2,,56472,52191,,2022-10-27,3977
1135,2022-10-04,6871,1,,19238,0,,2022-10-27,3353
1152,2022-10-04,21520,2,,16710,16382,,2022-10-27,3754
1169,2022-10-23,9503,2,,27134,24692,,2022-10-27,3171
1186,2022-09-30,55621,2,,28478,26766,,2022-10-27,3190
1201,2022-10-12,29414,2,,12963,12069,,2022-10-27,3112
1204,2022-10-09,66457,1,,21574,0,,2022-10-27,3281
1221,2022-09-28,98102,2,,38129,36571,,2022-10-27,3497
1238,2022-10-02,26436,2,,24958,23986,,2022-10-27,3157
1255,2022-10-16,71304,2,,25463,22249,,2022-10-27,3077
1272,2022-10-16,39231,2,,19130,17876,,2022-10-27,3478
1289,2022-10-15,55672,2,,17034,14787,,2022-10-27,3557
1306,2022-10-07,91432,2,,22842,20430,,2022-10-27,3052
1321,2022-10-14,56763,2,,18393,17354,,2022-10-27,3924
1324,2022-09-28,31984,1,,19366,0,,2022-10-27,3401
1341,2022-10-21,24855,2,,66444,62540,,2022-10-27,3692
1358,2022-10-22,74475,2,,57164,51320,,2022-10-27,3720
1375,2022-10-03,85000,1,,30985,0,,2022-10-27,3375
1392,2022-10-02,67623,2,,30202,28566,,2022-10-27,3854
1409,2022-10-26,91231,2,,23562,19934,,2022-10-27,3035
1426,2022-10-26,32294,2,,13440,11648,,2022-10-27,3816
1441,2022-10-24,16115,2,,29043,27449,,2022-10-27,3240
1444,2022-10-22,45570,2,,33093,30684,,2022-10-27,3490
1461,2022-10-26,26445,2,,35567,34555,,2022-10-27,3306
1478,2022-10-16,85243,1,,18972,0,,2022-10-27,3879
1495,2022-10-07,56450,1,,6028,0,,2022-10-27,3347
